FIPS,County,State,SY2024_25
,Anchorage,AK,0.76
,Gulf Coast,AK,0.73
,Interior,AK,0.62
,Mat-Su,AK,0.74
,Northern,AK,0.94
,Southeast,AK,0.83
,Southwest,AK,0.91
1001,Autauga,AL,0.936
1003,Baldwin,AL,0.9332
1005,Barbour,AL,0.9833
1007,Bibb,AL,0.9592
1009,Blount,AL,0.9717
1011,Bullock,AL,0.9487
1013,Butler,AL,0.9304
1015,Calhoun,AL,0.9435
1017,Chambers,AL,0.9705
1019,Cherokee,AL,0.9479
1021,Chilton,AL,0.954
1023,Choctaw,AL,0.8977
1025,Clarke,AL,0.9478
1027,Clay,AL,0.933
1029,Cleburne,AL,0.9144
1031,Coffee,AL,0.9535
1033,Colbert,AL,0.9597
1035,Conecuh,AL,0.9302
1037,Coosa,AL,1
1039,Covington,AL,0.9626
1041,Crenshaw,AL,0.9527
1043,Cullman,AL,0.938
1045,Dale,AL,0.9649
1047,Dallas,AL,0.9474
1049,DeKalb,AL,0.9273
1051,Elmore,AL,0.9288
1053,Escambia,AL,0.9656
1055,Etowah,AL,0.9409
1057,Fayette,AL,0.9365
1059,Franklin,AL,0.9939
1061,Geneva,AL,0.9817
1063,Greene,AL,0.85
1065,Hale,AL,0.963
1067,Henry,AL,0.9581
1069,Houston,AL,0.9509
1071,Jackson,AL,0.9354
1073,Jefferson,AL,0.9643
1075,Lamar,AL,0.9636
1077,Lauderdale,AL,0.9609
1079,Lawrence,AL,0.941
1081,Lee,AL,0.9702
1083,Limestone,AL,0.9474
1085,Lowndes,AL,0.9099
1087,Macon,AL,0.9394
1089,Madison,AL,0.9527
1091,Marengo,AL,0.9469
1093,Marion,AL,0.9332
1095,Marshall,AL,0.9666
1097,Mobile,AL,0.9469
1099,Monroe,AL,0.9615
1101,Montgomery,AL,0.9495
1103,Morgan,AL,0.9612
1105,Perry,AL,0.9512
1107,Pickens,AL,0.9426
1109,Pike,AL,0.9665
1111,Randolph,AL,0.9667
1113,Russell,AL,0.9461
1115,St Clair,AL,0.9274
1117,Shelby,AL,0.9547
1119,Sumter,AL,1
1121,Talladega,AL,0.9651
1123,Tallapoosa,AL,0.9727
1125,Tuscaloosa,AL,0.9272
1127,Walker,AL,0.9651
1129,Washington,AL,0.9275
1131,Wilcox,AL,0.8571
1133,Winston,AL,0.9231
4001,Apache,AZ,0.878
4003,Cochise,AZ,0.923
4005,Coconino,AZ,0.852
4007,Gila,AZ,0.854
4009,Graham,AZ,0.873
4011,Greenlee,AZ,0.806
4012,La Paz,AZ,0.9
4013,Maricopa,AZ,0.882
4015,Mohave,AZ,0.784
4017,Navajo,AZ,0.8
4019,Pima,AZ,0.935
4021,Pinal,AZ,0.899
4023,Santa Cruz,AZ,0.982
4025,Yavapai,AZ,0.753
4027,Yuma,AZ,0.945
6001,Alameda,CA,0.97051
6003,Alpine,CA,
6005,Amador,CA,0.9532
6007,Butte,CA,0.96591
6009,Calaveras,CA,0.94862
6011,Colusa,CA,0.96181
6013,Contra Costa,CA,0.97928
6015,Del Norte,CA,0.93075
6017,El Dorado,CA,0.7664
6019,Fresno,CA,0.974
6021,Glenn,CA,0.84473
6023,Humboldt,CA,0.93358
6025,Imperial,CA,0.99098
6027,Inyo,CA,0.98157
6029,Kern,CA,0.89325
6031,Kings,CA,0.97917
6033,Lake,CA,0.97759
6035,Lassen,CA,0.95103
6037,Los Angeles,CA,0.97352
6039,Madera,CA,0.97727
6041,Marin,CA,0.99034
6043,Mariposa,CA,0.98361
6045,Mendocino,CA,0.96403
6047,Merced,CA,0.97941
6049,Modoc,CA,0.99
6051,Mono,CA,0.99
6053,Monterey,CA,0.98187
6055,Napa,CA,0.97352
6057,Nevada,CA,0.87337
6059,Orange,CA,0.97842
6061,Placer,CA,0.96144
6063,Plumas,CA,0.95431
6065,Riverside,CA,0.95327
6067,Sacramento,CA,0.96313
6069,San Benito,CA,0.98852
6071,San Bernardino,CA,0.93729
6073,San Diego,CA,0.93706
6075,San Francisco,CA,0.98097
6077,San Joaquin,CA,0.95974
6079,San Luis Obispo,CA,0.97299
6081,San Mateo,CA,0.97567
6083,Santa Barbara,CA,0.98478
6085,Santa Clara,CA,0.99021
6087,Santa Cruz,CA,0.91092
6089,Shasta,CA,0.94368
6091,Sierra,CA,0.94828
6093,Siskiyou,CA,0.9687
6095,Solano,CA,0.98515
6097,Sonoma,CA,0.96058
6099,Stanislaus,CA,0.95648
6101,Sutter,CA,0.77217
6103,Tehama,CA,0.97516
6105,Trinity,CA,0.9037
6107,Tulare,CA,0.97501
6109,Tuolumne,CA,0.90047
6111,Ventura,CA,0.96377
6113,Yolo,CA,0.97685
6115,Yuba,CA,0.96114
8001,Adams,CO,0.9163
8003,Alamosa,CO,0.8
8005,Arapahoe,CO,0.8671
8007,Archuleta,CO,0.8148
8009,Baca,CO,0.907
8011,Bent,CO,0.9565
8013,Boulder,CO,0.9055
8014,Broomfield,CO,0.9257
8015,Chaffee,CO,0.8261
8017,Cheyenne,CO,0.8182
8019,Clear Creek,CO,0.7551
8021,Conejos,CO,0.9059
8023,Costilla,CO,0.9722
8025,Crowley,CO,0.8824
8027,Custer,CO,0.8947
8029,Delta,CO,0.8
8031,Denver,CO,0.8688
8033,Dolores,CO,0.7778
8035,Douglas,CO,0.91
8037,Eagle,CO,0.9036
8039,Elbert,CO,0.795
8041,El Paso,CO,0.7652
8043,Fremont,CO,0.8731
8045,Garfield,CO,0.9386
8047,Gilpin,CO,0.96
8049,Grand,CO,0.84
8051,Gunnison,CO,0.8456
8053,Hinsdale,CO,0.8
8055,Huerfano,CO,0.9184
8057,Jackson,CO,0.875
8059,Jefferson,CO,0.917
8061,Kiowa,CO,1
8063,Kit Carson,CO,0.8947
8065,Lake,CO,0.875
8067,La Plata,CO,0.8987
8069,Larimer,CO,0.9047
8071,Las Animas,CO,0.8182
8073,Lincoln,CO,0.8644
8075,Logan,CO,0.9375
8077,Mesa,CO,0.8567
8079,Mineral,CO,1
8081,Moffat,CO,0.9512
8083,Montezuma,CO,0.8378
8085,Montrose,CO,0.8564
8087,Morgan,CO,0.9203
8089,Otero,CO,0.932
8091,Ouray,CO,0.8846
8093,Park,CO,0.8588
8095,Phillips,CO,0.9804
8097,Pitkin,CO,0.88
8099,Prowers,CO,0.9701
8101,Pueblo,CO,0.8713
8103,Rio Blanco,CO,0.8814
8105,Rio Grande,CO,0.9417
8107,Routt,CO,0.9426
8109,Saguache,CO,0.8116
8111,San Juan,CO,0.8333
8113,San Miguel,CO,0.863
8115,Sedgwick,CO,0.75
8117,Summit,CO,0.9476
8119,Teller,CO,0.7811
8121,Washington,CO,0.9259
8123,Weld,CO,0.9292
8125,Yuma,CO,0.9587
9001,Fairfield,CT,
9003,Hartford,CT,
9005,Litchfield,CT,
9007,Middlesex,CT,
9009,New Haven,CT,
9011,New London,CT,
9013,Tolland,CT,
9015,Windham,CT,
9110,Capitol,CT,0.987
9120,Greater Bridgeport,CT,0.962
9130,Lower CT River Valley,CT,0.982
9140,Naugatuck Valley,CT,0.987
9150,Northeast CT,CT,0.975
9160,Northwest Hills,CT,0.955
9170,South Central,CT,0.987
9180,Southeastern CT,CT,0.983
9190,Western,CT,0.983
11001,District of Columbia,DC,0.927
12001,Alachua,FL,0.919
12003,Baker,FL,0.954
12005,Bay,FL,0.853
12007,Bradford,FL,0.949
12009,Brevard,FL,0.909
12011,Broward,FL,0.822
12013,Calhoun,FL,0.98
12015,Charlotte,FL,0.892
12017,Citrus,FL,0.908
12019,Clay,FL,0.936
12021,Collier,FL,0.863
12023,Columbia,FL,0.929
12027,De Soto,FL,0.911
12029,Dixie,FL,0.936
12031,Duval,FL,0.899
12033,Escambia,FL,0.889
12035,Flagler,FL,0.887
12037,Franklin,FL,0.912
12039,Gadsden,FL,0.798
12041,Gilchrist,FL,0.921
12043,Glades,FL,0.94
12045,Gulf,FL,0.945
12047,Hamilton,FL,0.97
12049,Hardee,FL,0.954
12051,Hendry,FL,0.912
12053,Hernando,FL,0.89
12055,Highlands,FL,0.898
12057,Hillsborough,FL,0.86
12059,Holmes,FL,0.936
12061,Indian River,FL,0.912
12063,Jackson,FL,0.922
12065,Jefferson,FL,0.978
12067,Lafayette,FL,0.918
12069,Lake,FL,0.86
12071,Lee,FL,0.924
12073,Leon,FL,0.938
12075,Levy,FL,0.954
12077,Liberty,FL,0.936
12079,Madison,FL,0.93
12081,Manatee,FL,0.898
12083,Marion,FL,0.908
12085,Martin,FL,0.885
12086,Miami-Dade,FL,0.91
12087,Monroe,FL,0.92
12089,Nassau,FL,0.918
12091,Okaloosa,FL,0.9
12093,Okeechobee,FL,0.938
12095,Orange,FL,0.854
12097,Osceola,FL,0.863
12099,Palm Beach,FL,0.898
12101,Pasco,FL,0.919
12103,Pinellas,FL,0.873
12105,Polk,FL,0.925
12107,Putnam,FL,0.901
12109,St Johns,FL,0.906
12111,St Lucie,FL,0.88
12113,Santa Rosa,FL,0.91
12115,Sarasota,FL,0.799
12117,Seminole,FL,0.9
12119,Sumter,FL,0.906
12121,Suwannee,FL,0.893
12123,Taylor,FL,0.971
12125,Union,FL,0.935
12127,Volusia,FL,0.886
12129,Wakulla,FL,0.863
12131,Walton,FL,0.885
12133,Washington,FL,0.881
15001,Hawaii,HI,0.7611
15003,Honolulu,HI,0.8282
15005,Kalawao,HI,
15007,Kauai,HI,0.6616
15009,Maui,HI,0.6943
19001,Adair,IA,0.9
19003,Adams,IA,0.83333333
19005,Allamakee,IA,0.88780488
19007,Appanoose,IA,0.83333333
19009,Audubon,IA,0.83116883
19011,Benton,IA,0.90974729
19013,Black Hawk,IA,0.90699166
19015,Boone,IA,0.93877551
19017,Bremer,IA,0.88202247
19019,Buchanan,IA,0.82592593
19021,Buena Vista,IA,0.80758017
19023,Butler,IA,0.92771084
19025,Calhoun,IA,0.84883721
19027,Carroll,IA,0.90136054
19029,Cass,IA,0.85648148
19031,Cedar,IA,0.92964824
19033,Cerro Gordo,IA,0.9168357
19035,Cherokee,IA,0.859375
19037,Chickasaw,IA,0.91176471
19039,Clarke,IA,0.92741935
19041,Clay,IA,0.875
19043,Clayton,IA,0.81451613
19045,Clinton,IA,0.85464098
19047,Crawford,IA,0.94468085
19049,Dallas,IA,0.93498049
19051,Davis,IA,0.89830508
19053,Decatur,IA,0.84615385
19055,Delaware,IA,0.88372093
19057,Des Moines,IA,0.87437186
19059,Dickinson,IA,0.84615385
19061,Dubuque,IA,0.9237013
19063,Emmet,IA,0.86585366
19065,Fayette,IA,0.81871345
19067,Floyd,IA,0.85882353
19069,Franklin,IA,0.94897959
19071,Fremont,IA,0.8
19073,Greene,IA,0.83
19075,Grundy,IA,0.95348837
19077,Guthrie,IA,0.8375
19079,Hamilton,IA,0.85514019
19081,Hancock,IA,0.92125984
19083,Hardin,IA,0.87214612
19085,Harrison,IA,0.74834437
19087,Henry,IA,0.90865385
19089,Howard,IA,0.90853659
19091,Humboldt,IA,0.72093023
19093,Ida,IA,0.88405797
19095,Iowa,IA,0.91573034
19097,Jackson,IA,0.87804878
19099,Jasper,IA,0.90196078
19101,Jefferson,IA,0.86486486
19103,Johnson,IA,0.87209302
19105,Jones,IA,0.94387755
19107,Keokuk,IA,0.76119403
19109,Kossuth,IA,0.88068182
19111,Lee,IA,0.90555556
19113,Linn,IA,0.90505195
19115,Louisa,IA,0.93103448
19117,Lucas,IA,0.85555556
19119,Lyon,IA,0.9068323
19121,Madison,IA,0.88780488
19123,Mahaska,IA,0.92094862
19125,Marion,IA,0.86976744
19127,Marshall,IA,0.89738431
19129,Mills,IA,0.88023952
19131,Mitchell,IA,0.88888889
19133,Monona,IA,0.84946237
19135,Monroe,IA,0.87209302
19137,Montgomery,IA,0.94047619
19139,Muscatine,IA,0.89800443
19141,O'Brien,IA,0.87443946
19143,Osceola,IA,0.98
19145,Page,IA,0.94610778
19147,Palo Alto,IA,0.94444444
19149,Plymouth,IA,0.88178914
19151,Pocahontas,IA,0.8358209
19153,Polk,IA,0.88672253
19155,Pottawattamie,IA,0.86940639
19157,Poweshiek,IA,0.87700535
19159,Ringgold,IA,0.98275862
19161,Sac,IA,0.93457944
19163,Scott,IA,0.88769004
19165,Shelby,IA,0.86075949
19167,Sioux,IA,0.82097649
19169,Story,IA,0.89221557
19171,Tama,IA,0.98170732
19173,Taylor,IA,0.81707317
19175,Union,IA,0.96062992
19177,Van Buren,IA,0.90163934
19179,Wapello,IA,0.85044643
19181,Warren,IA,0.86950732
19183,Washington,IA,0.7993311
19185,Wayne,IA,0.83823529
19187,Webster,IA,0.85494505
19189,Winnebago,IA,0.88622754
19191,Winneshiek,IA,0.91949153
19193,Woodbury,IA,0.90069444
19195,Worth,IA,0.86666667
19197,Wright,IA,0.94117647
16001,Ada,ID,0.83
16003,Adams,ID,0.6
16005,Bannock,ID,0.9
16007,Bear Lake,ID,0.86
16009,Benewah,ID,0.7
16011,Bingham,ID,0.82
16013,Blaine,ID,0.73
16015,Boise,ID,0.45
16017,Bonner,ID,0.64
16019,Bonneville,ID,0.88
16021,Boundary,ID,0.68
16023,Butte,ID,0.75
16025,Camas,ID,0.4
16027,Canyon,ID,0.79
16029,Caribou,ID,0.83
16031,Cassia,ID,0.82
16033,Clark,ID,0.5
16035,Clearwater,ID,0.77
16037,Custer,ID,0.66
16039,Elmore,ID,0.86
16041,Franklin,ID,0.84
16043,Fremont,ID,0.8
16045,Gem,ID,0.71
16047,Gooding,ID,0.72
16049,Idaho,ID,0.54
16051,Jefferson,ID,0.85
16053,Jerome,ID,0.89
16055,Kootenai,ID,0.7
16057,Latah,ID,0.78
16059,Lemhi,ID,0.76
16061,Lewis,ID,0.78
16063,Lincoln,ID,0.88
16065,Madison,ID,0.84
16067,Minidoka,ID,0.92
16069,Nez Perce,ID,0.86
16071,Oneida,ID,0.85
16073,Owyhee,ID,0.8
16075,Payette,ID,0.85
16077,Power,ID,0.86
16079,Shoshone,ID,0.7
16081,Teton,ID,0.67
16083,Twin Falls,ID,0.82
16085,Valley,ID,0.8
16087,Washington,ID,0.79
17001,Adams,IL,0.985
17003,Alexander,IL,0.933
17005,Bond,IL,0.985
17007,Boone,IL,0.969
17009,Brown,IL,0.977
17011,Bureau,IL,0.955
17013,Calhoun,IL,0.982
17015,Carroll,IL,0.961
17017,Cass,IL,0.979
17019,Champaign,IL,0.96
17021,Christian,IL,0.947
17023,Clark,IL,0.986
17025,Clay,IL,0.979
17027,Clinton,IL,0.977
17029,Coles,IL,0.957
17031,Cook,IL,0.948
17033,Crawford,IL,0.976
17035,Cumberland,IL,0.975
17037,DeKalb,IL,0.968
17039,De Witt,IL,0.978
17041,Douglas,IL,0.979
17043,DuPage,IL,0.959
17045,Edgar,IL,0.982
17047,Edwards,IL,0.982
17049,Effingham,IL,0.965
17051,Fayette,IL,0.961
17053,Ford,IL,0.968
17055,Franklin,IL,0.967
17057,Fulton,IL,0.975
17059,Gallatin,IL,0.979
17061,Greene,IL,0.986
17063,Grundy,IL,0.924
17065,Hamilton,IL,0.989
17067,Hancock,IL,0.982
17069,Hardin,IL,1
17071,Henderson,IL,0.966
17073,Henry,IL,0.972
17075,Iroquois,IL,0.971
17077,Jackson,IL,0.967
17079,Jasper,IL,0.967
17081,Jefferson,IL,0.972
17083,Jersey,IL,0.983
17085,Jo Daviess,IL,0.962
17087,Johnson,IL,0.978
17089,Kane,IL,0.956
17091,Kankakee,IL,0.947
17093,Kendall,IL,0.963
17095,Knox,IL,0.945
17097,Lake,IL,0.955
17099,LaSalle,IL,0.97
17101,Lawrence,IL,0.989
17103,Lee,IL,0.967
17105,Livingston,IL,0.963
17107,Logan,IL,0.946
17109,McDonough,IL,0.956
17111,McHenry,IL,0.957
17113,McLean,IL,0.971
17115,Macon,IL,0.97
17117,Macoupin,IL,0.979
17119,Madison,IL,0.974
17121,Marion,IL,0.974
17123,Marshall,IL,0.984
17125,Mason,IL,0.968
17127,Massac,IL,0.889
17129,Menard,IL,0.954
17131,Mercer,IL,0.971
17133,Monroe,IL,0.984
17135,Montgomery,IL,0.975
17137,Morgan,IL,0.978
17139,Moultrie,IL,0.956
17141,Ogle,IL,0.952
17143,Peoria,IL,0.966
17145,Perry,IL,0.989
17147,Piatt,IL,0.983
17149,Pike,IL,0.924
17151,Pope,IL,0.864
17153,Pulaski,IL,0.854
17155,Putnam,IL,0.973
17157,Randolph,IL,0.968
17159,Richland,IL,0.988
17161,Rock Island,IL,0.968
17163,St Clair,IL,0.98
17165,Saline,IL,0.97
17167,Sangamon,IL,0.978
17169,Schuyler,IL,0.987
17171,Scott,IL,0.977
17173,Shelby,IL,0.963
17175,Stark,IL,0.981
17177,Stephenson,IL,0.963
17179,Tazewell,IL,0.947
17181,Union,IL,0.97
17183,Vermilion,IL,0.957
17185,Wabash,IL,0.985
17187,Warren,IL,0.979
17189,Washington,IL,0.989
17191,Wayne,IL,0.981
17193,White,IL,0.988
17195,Whiteside,IL,0.966
17197,Will,IL,0.963
17199,Williamson,IL,0.973
17201,Winnebago,IL,0.955
17203,Woodford,IL,0.955
18001,Adams,IN,0.9156
18003,Allen,IN,0.8966
18005,Bartholomew,IN,0.9109
18007,Benton,IN,0.9906
18009,Blackford,IN,0.93
18011,Boone,IN,0.9622
18013,Brown,IN,0.913
18015,Carroll,IN,0.9225
18017,Cass,IN,0.9486
18019,Clark,IN,0.8931
18021,Clay,IN,0.9317
18023,Clinton,IN,0.9247
18025,Crawford,IN,0.9524
18027,Daviess,IN,0.9103
18029,Dearborn,IN,0.9232
18031,Decatur,IN,0.9247
18033,DeKalb,IN,0.9181
18035,Delaware,IN,0.907
18037,Dubois,IN,0.9423
18039,Elkhart,IN,0.8985
18041,Fayette,IN,0.9605
18043,Floyd,IN,0.9267
18045,Fountain,IN,0.8793
18047,Franklin,IN,0.8062
18049,Fulton,IN,0.9401
18051,Gibson,IN,0.9446
18053,Grant,IN,0.9022
18055,Greene,IN,0.9538
18057,Hamilton,IN,0.9437
18059,Hancock,IN,0.9358
18061,Harrison,IN,0.8588
18063,Hendricks,IN,0.916
18065,Henry,IN,0.885
18067,Howard,IN,0.8882
18069,Huntington,IN,0.9454
18071,Jackson,IN,0.9877
18073,Jasper,IN,0.8437
18075,Jay,IN,0.8964
18077,Jefferson,IN,0.8738
18079,Jennings,IN,0.9146
18081,Johnson,IN,0.9409
18083,Knox,IN,0.9632
18085,Kosciusko,IN,0.8777
18087,LaGrange,IN,0.7686
18089,Lake,IN,0.8605
18091,La Porte,IN,0.8926
18093,Lawrence,IN,0.9104
18095,Madison,IN,0.922
18097,Marion,IN,0.8923
18099,Marshall,IN,0.8797
18101,Martin,IN,0.8681
18103,Miami,IN,0.8327
18105,Monroe,IN,0.9212
18107,Montgomery,IN,0.925
18109,Morgan,IN,0.8789
18111,Newton,IN,0.9247
18113,Noble,IN,0.9147
18115,Ohio,IN,0.8529
18117,Orange,IN,0.9135
18119,Owen,IN,0.9613
18121,Parke,IN,0.9713
18123,Perry,IN,0.9327
18125,Pike,IN,0.9624
18127,Porter,IN,0.9055
18129,Posey,IN,0.8851
18131,Pulaski,IN,0.8889
18133,Putnam,IN,0.9098
18135,Randolph,IN,0.8746
18137,Ripley,IN,0.9076
18139,Rush,IN,0.9344
18141,St Joseph,IN,0.9367
18143,Scott,IN,0.8479
18145,Shelby,IN,0.9725
18147,Spencer,IN,0.9074
18149,Starke,IN,0.827
18151,Steuben,IN,0.8816
18153,Sullivan,IN,0.8446
18155,Switzerland,IN,0.9554
18157,Tippecanoe,IN,0.952
18159,Tipton,IN,0.8768
18161,Union,IN,0.9802
18163,Vanderburgh,IN,0.9377
18165,Vermillion,IN,0.9739
18167,Vigo,IN,0.9713
18169,Wabash,IN,0.8921
18171,Warren,IN,0.9367
18173,Warrick,IN,0.9477
18175,Washington,IN,0.9234
18177,Wayne,IN,0.8952
18179,Wells,IN,0.8895
18181,White,IN,0.9655
18183,Whitley,IN,0.9045
20001,Allen,KS,0.8688
20003,Anderson,KS,0.7222
20005,Atchison,KS,0.9991
20007,Barber,KS,0.7668
20009,Barton,KS,0.9415
20011,Bourbon,KS,0.9463
20013,Brown,KS,0.9828
20015,Butler,KS,0.8959
20017,Chase,KS,0.9132
20019,Chautauqua,KS,0.6935
20021,Cherokee,KS,0.9589
20023,Cheyenne,KS,0.8193
20025,Clark,KS,0.6696
20027,Clay,KS,0.9543
20029,Cloud,KS,0.9373
20031,Coffey,KS,0.9204
20033,Comanche,KS,0.9444
20035,Cowley,KS,0.9597
20037,Crawford,KS,0.9328
20039,Decatur,KS,0.6002
20041,Dickinson,KS,0.8912
20043,Doniphan,KS,0.939
20045,Douglas,KS,0.9262
20047,Edwards,KS,0.8794
20049,Elk,KS,0.8661
20051,Ellis,KS,0.9228
20053,Ellsworth,KS,0.9391
20055,Finney,KS,0.9851
20057,Ford,KS,0.842
20059,Franklin,KS,0.9019
20061,Geary,KS,0.6656
20063,Gove,KS,0.8037
20065,Graham,KS,0.9788
20067,Grant,KS,0.9278
20069,Gray,KS,0.9039
20071,Greeley,KS,0.8947
20073,Greenwood,KS,0.9092
20075,Hamilton,KS,0.9286
20077,Harper,KS,0.7782
20079,Harvey,KS,0.9214
20081,Haskell,KS,0.7821
20083,Hodgeman,KS,0.9
20085,Jackson,KS,0.843
20087,Jefferson,KS,0.9465
20089,Jewell,KS,0.7942
20091,Johnson,KS,0.9515
20093,Kearny,KS,0.9333
20095,Kingman,KS,0.5769
20097,Kiowa,KS,0.6
20099,Labette,KS,0.9336
20101,Lane,KS,1
20103,Leavenworth,KS,0.9627
20105,Lincoln,KS,0.7057
20107,Linn,KS,0.8659
20109,Logan,KS,0.8257
20111,Lyon,KS,0.9128
20113,McPherson,KS,0.8899
20115,Marion,KS,0.8283
20117,Marshall,KS,0.8843
20119,Meade,KS,0.8128
20121,Miami,KS,0.8672
20123,Mitchell,KS,0.8649
20125,Montgomery,KS,0.9522
20127,Morris,KS,0.8752
20129,Morton,KS,0.5667
20131,Nemaha,KS,0.948
20133,Neosho,KS,0.8044
20135,Ness,KS,0.7356
20137,Norton,KS,0.8419
20139,Osage,KS,0.7842
20141,Osborne,KS,0.695
20143,Ottawa,KS,0.9183
20145,Pawnee,KS,0.7693
20147,Phillips,KS,0.8244
20149,Pottawatomie,KS,0.8904
20151,Pratt,KS,0.8915
20153,Rawlins,KS,0.6733
20155,Reno,KS,0.916
20157,Republic,KS,0.8242
20159,Rice,KS,0.8749
20161,Riley,KS,0.853
20163,Rooks,KS,1
20165,Rush,KS,0.9556
20167,Russell,KS,0.9249
20169,Saline,KS,0.942
20171,Scott,KS,1
20173,Sedgwick,KS,0.9253
20175,Seward,KS,0.9739
20177,Shawnee,KS,0.9497
20179,Sheridan,KS,0.8597
20181,Sherman,KS,0.9265
20183,Smith,KS,0.8289
20185,Stafford,KS,0.8889
20187,Stanton,KS,0.7895
20189,Stevens,KS,0.8665
20191,Sumner,KS,0.9322
20193,Thomas,KS,0.8324
20195,Trego,KS,0.9802
20197,Wabaunsee,KS,0.7585
20199,Wallace,KS,0.7856
20201,Washington,KS,0.9708
20203,Wichita,KS,1
20205,Wilson,KS,0.9221
20207,Woodson,KS,0.9571
20209,Wyandotte,KS,0.8286
21001,Adair,KY,0.929
21003,Allen,KY,0.963
21005,Anderson,KY,0.852
21007,Ballard,KY,0.901
21009,Barren,KY,0.932
21011,Bath,KY,0.858
21013,Bell,KY,0.868
21015,Boone,KY,0.928
21017,Bourbon,KY,0.90295359
21019,Boyd,KY,0.917
21021,Boyle,KY,0.931
21023,Bracken,KY,0.856
21025,Breathitt,KY,0.943
21027,Breckinridge,KY,0.89237668
21029,Bullitt,KY,0.91991992
21031,Butler,KY,0.902
21033,Caldwell,KY,0.928
21035,Calloway,KY,0.961
21037,Campbell,KY,0.961
21039,Carlisle,KY,0.865
21041,Carroll,KY,0.964
21043,Carter,KY,0.912
21045,Casey,KY,0.901
21047,Christian,KY,0.925
21049,Clark,KY,0.982
21051,Clay,KY,0.904
21053,Clinton,KY,0.89
21055,Crittenden,KY,0.929
21057,Cumberland,KY,0.865
21059,Daviess,KY,0.902
21061,Edmonson,KY,0.944
21063,Elliott,KY,0.929
21065,Estill,KY,0.951
21067,Fayette,KY,0.935
21069,Fleming,KY,0.902
21071,Floyd,KY,0.947
21073,Franklin,KY,0.944
21075,Fulton,KY,0.984
21077,Gallatin,KY,0.945
21079,Garrard,KY,0.852
21081,Grant,KY,0.956
21083,Graves,KY,0.914
21085,Grayson,KY,0.968
21087,Green,KY,0.962
21089,Greenup,KY,0.93663912
21091,Hancock,KY,0.905
21093,Hardin,KY,0.805
21095,Harlan,KY,0.81896552
21097,Harrison,KY,0.917
21099,Hart,KY,0.863
21101,Henderson,KY,0.923
21103,Henry,KY,0.955
21105,Hickman,KY,0.933
21107,Hopkins,KY,0.911
21109,Jackson,KY,0.97887324
21111,Jefferson,KY,0.649
21113,Jessamine,KY,0.879
21115,Johnson,KY,0.875
21117,Kenton,KY,0.95
21119,Knott,KY,0.811
21121,Knox,KY,0.892
21123,Larue,KY,0.93
21125,Laurel,KY,0.946
21127,Lawrence,KY,0.848
21129,Lee,KY,0.908
21131,Leslie,KY,0.89622642
21133,Letcher,KY,0.921
21135,Lewis,KY,0.951
21137,Lincoln,KY,0.91
21139,Livingston,KY,0.924
21141,Logan,KY,0.622
21143,Lyon,KY,0.96
21145,Mccracken,KY,0.898
21147,McCreary,KY,0.957
21149,Mclean,KY,0.96875
21151,Madison,KY,0.921
21153,Magoffin,KY,0.891
21155,Marion,KY,0.944
21157,Marshall,KY,0.898
21159,Martin,KY,0.931
21161,Mason,KY,0.865
21163,Meade,KY,0.946
21165,Menifee,KY,
21167,Mercer,KY,0.935
21169,Metcalfe,KY,0.99
21171,Monroe,KY,0.852
21173,Montgomery,KY,0.968
21175,Morgan,KY,0.95
21177,Muhlenberg,KY,0.917
21179,Nelson,KY,0.952
21181,Nicholas,KY,0.962
21183,Ohio,KY,0.789
21185,Oldham,KY,0.949
21187,Owen,KY,0.992
21189,Owsley,KY,0.869
21191,Pendleton,KY,0.956
21193,Perry,KY,0.776
21195,Pike,KY,0.96
21197,Powell,KY,0.933
21199,Pulaski,KY,0.949
21201,Robertson,KY,0.952
21203,Rockcastle,KY,0.798
21205,Rowan,KY,0.899
21207,Russell,KY,0.96
21209,Scott,KY,0.917
21211,Shelby,KY,0.923
21213,Simpson,KY,0.937
21215,Spencer,KY,0.94017094
21217,Taylor,KY,0.832
21219,Todd,KY,0.9453125
21221,Trigg,KY,0.888
21223,Trimble,KY,0.956
21225,Union,KY,0.815
21227,Warren,KY,0.886
21229,Washington,KY,0.993
21231,Wayne,KY,0.967
21233,Webster,KY,0.934
21235,Whitley,KY,0.853
21237,Wolfe,KY,0.929
21239,Woodford,KY,0.925
22001,Acadia,LA,0.8769
22003,Allen,LA,0.9346
22005,Ascension,LA,0.9552
22007,Assumption,LA,0.9602
22009,Avoyelles,LA,0.9515
22011,Beauregard,LA,0.8971
22013,Bienville,LA,0.9658
22015,Bossier,LA,0.9475
22017,Caddo,LA,0.9369
22019,Calcasieu,LA,0.9006
22021,Caldwell,LA,0.9184
22023,Cameron,LA,0.9036
22025,Catahoula,LA,0.9459
22027,Claiborne,LA,0.9044
22029,Concordia,LA,0.875
22031,De Soto,LA,0.9169
22033,East Baton Rouge,LA,0.8827
22035,East Carroll,LA,
22037,East Feliciana,LA,0.93
22039,Evangeline,LA,0.9275
22041,Franklin,LA,0.886
22043,Grant,LA,0.9
22045,Iberia,LA,0.9367
22047,Iberville,LA,0.9557
22049,Jackson,LA,0.9604
22051,Jefferson,LA,0.9614
22053,Jefferson Davis,LA,0.9211
22055,Lafayette,LA,0.8902
22057,Lafourche,LA,0.9205
22059,LaSalle,LA,0.9263
22061,Lincoln,LA,0.9378
22063,Livingston,LA,0.8987
22065,Madison,LA,0.8864
22067,Morehouse,LA,0.9859
22069,Natchitoches,LA,0.9606
22071,Orleans,LA,0.9161
22073,Ouachita,LA,0.8409
22075,Plaquemines,LA,0.943
22077,Pointe Coupee,LA,0.98
22079,Rapides,LA,0.9383
22081,Red River,LA,0.9796
22083,Richland,LA,0.8865
22085,Sabine,LA,0.9579
22087,St Bernard,LA,0.9516
22089,St Charles,LA,0.9542
22091,St Helena,LA,1
22093,St James,LA,0.966
22095,St John the Baptist,LA,0.9369
22097,St Landry,LA,0.9384
22099,St Martin,LA,0.9273
22101,St Mary,LA,0.9105
22103,St Tammany,LA,0.8768
22105,Tangipahoa,LA,0.9189
22107,Tensas,LA,0.8636
22109,Terrebonne,LA,0.8969
22111,Union,LA,0.8772
22113,Vermilion,LA,0.9199
22115,Vernon,LA,0.9048
22117,Washington,LA,0.9402
22119,Webster,LA,0.9084
22121,West Baton Rouge,LA,0.9308
22123,West Carroll,LA,0.7778
22125,West Feliciana,LA,0.9708
22127,Winn,LA,0.9914
25001,Barnstable,MA,0.952
25003,Berkshire,MA,0.918
25005,Bristol,MA,0.976
25007,Dukes,MA,0.951
25009,Essex,MA,0.965
25011,Franklin,MA,0.915
25013,Hampden,MA,0.938
25015,Hampshire,MA,0.957
25017,Middlesex,MA,0.981
25019,Nantucket,MA,0.91
25021,Norfolk,MA,0.978
25023,Plymouth,MA,0.962
25025,Suffolk,MA,0.941
25027,Worcester,MA,0.966
24001,Allegany,MD,0.9505
24003,Anne Arundel,MD,0.9665
24005,Baltimore,MD,0.9766
24009,Calvert,MD,0.968
24011,Caroline,MD,0.9852
24013,Carroll,MD,0.9681
24015,Cecil,MD,0.951
24017,Charles,MD,0.974
24019,Dorchester,MD,0.9717
24021,Frederick,MD,0.9611
24023,Garrett,MD,0.9465
24025,Harford,MD,0.9687
24027,Howard,MD,0.9663
24029,Kent,MD,0.8839
24031,Montgomery,MD,0.9727
24033,Prince Georges,MD,0.9469
24035,Queen Annes,MD,0.9649
24037,St Marys,MD,0.9756
24039,Somerset,MD,0.9744
24041,Talbot,MD,0.9752
24043,Washington,MD,0.9674
24045,Wicomico,MD,0.9691
24047,Worcester,MD,0.9714
24510,Baltimore City,MD,0.9472
23001,Androscoggin,ME,0.9685
23003,Aroostook,ME,0.9724
23005,Cumberland,ME,0.9771
23007,Franklin,ME,0.9657
23009,Hancock,ME,0.9832
23011,Kennebec,ME,0.9881
23013,Knox,ME,0.9527
23015,Lincoln,ME,0.9674
23017,Oxford,ME,0.9765
23019,Penobscot,ME,0.9744
23021,Piscataquis,ME,0.9167
23023,Sagadahoc,ME,0.987
23025,Somerset,ME,0.9879
23027,Waldo,ME,0.9712
23029,Washington,ME,0.9738
23031,York,ME,0.9792
26001,Alcona,MI,0.92156863
26003,Alger,MI,0.98275862
26005,Allegan,MI,0.90327494
26007,Alpena,MI,0.87943262
26009,Antrim,MI,0.87745098
26011,Arenac,MI,0.91414141
26013,Baraga,MI,0.87058824
26015,Barry,MI,0.89162562
26017,Bay,MI,0.90241228
26019,Benzie,MI,0.7751938
26021,Berrien,MI,0.90217391
26023,Branch,MI,0.9217759
26025,Calhoun,MI,0.90742001
26027,Cass,MI,0.93643032
26029,Charlevoix,MI,0.87671233
26031,Cheboygan,MI,0.875
26033,Chippewa,MI,0.91372549
26035,Clare,MI,0.89666667
26037,Clinton,MI,0.91732283
26039,Crawford,MI,0.92561983
26041,Delta,MI,0.90332326
26043,Dickinson,MI,0.91891892
26045,Eaton,MI,0.92349138
26047,Emmet,MI,0.91290323
26049,Genesee,MI,0.89990162
26051,Gladwin,MI,0.88764045
26053,Gogebic,MI,0.86138614
26055,Grand Traverse,MI,0.88840453
26057,Gratiot,MI,0.91954023
26059,Hillsdale,MI,0.88717949
26061,Houghton,MI,0.73989899
26063,Huron,MI,0.88996764
26065,Ingham,MI,0.90624
26067,Ionia,MI,0.9088359
26069,Iosco,MI,0.90140845
26071,Iron,MI,0.87155963
26073,Isabella,MI,0.91631799
26075,Jackson,MI,0.91856492
26077,Kalamazoo,MI,0.91347939
26079,Kalkaska,MI,0.88757396
26081,Kent,MI,0.92520807
26085,Lake,MI,0.90909091
26087,Lapeer,MI,0.82070707
26089,Leelanau,MI,0.88198758
26091,Lenawee,MI,0.87826087
26093,Livingston,MI,0.84727273
26095,Luce,MI,0.91891892
26097,Mackinac,MI,0.91666667
26099,Macomb,MI,0.87265999
26101,Manistee,MI,0.85755814
26103,Marquette,MI,0.92822967
26105,Mason,MI,0.88888889
26107,Mecosta,MI,0.91252485
26109,Menominee,MI,0.8700565
26111,Midland,MI,0.88180884
26113,Missaukee,MI,0.88953488
26115,Monroe,MI,0.89901904
26117,Montcalm,MI,0.90909091
26119,Montmorency,MI,0.89583333
26121,Muskegon,MI,0.92170257
26123,Newaygo,MI,0.875
26125,Oakland,MI,0.87781856
26127,Oceana,MI,0.88541667
26129,Ogemaw,MI,0.85507246
26131,Ontonagon,MI,0.82142857
26133,Osceola,MI,0.888
26135,Oscoda,MI,0.7761194
26137,Otsego,MI,0.82954545
26139,Ottawa,MI,0.93063584
26141,Presque Isle,MI,0.91566265
26143,Roscommon,MI,0.89393939
26145,Saginaw,MI,0.92585551
26147,St Clair,MI,0.86947063
26149,St Joseph,MI,0.89435601
26151,Sanilac,MI,0.88917526
26153,Schoolcraft,MI,0.95081967
26155,Shiawassee,MI,0.8968254
26157,Tuscola,MI,0.90662139
26159,Van Buren,MI,0.94326923
26161,Washtenaw,MI,0.9151798
26163,Wayne,MI,
26165,Wexford,MI,0.856
27001,Aitkin,MN,0.784
27003,Anoka,MN,0.864
27005,Becker,MN,0.905
27007,Beltrami,MN,0.87
27009,Benton,MN,0.9
27011,Big Stone,MN,0.923
27013,Blue Earth,MN,0.897
27015,Brown,MN,0.918
27017,Carlton,MN,0.923
27019,Carver,MN,0.858
27021,Cass,MN,0.825
27023,Chippewa,MN,0.881
27025,Chisago,MN,0.884
27027,Clay,MN,0.874
27029,Clearwater,MN,0.681
27031,Cook,MN,0.719
27033,Cottonwood,MN,0.962
27035,Crow Wing,MN,0.798
27037,Dakota,MN,0.865
27039,Dodge,MN,0.891
27041,Douglas,MN,0.884
27043,Faribault,MN,0.883
27045,Fillmore,MN,0.916
27047,Freeborn,MN,0.851
27049,Goodhue,MN,0.923
27051,Grant,MN,0.914
27053,Hennepin,MN,0.844
27055,Houston,MN,0.77
27057,Hubbard,MN,0.83
27059,Isanti,MN,0.843
27061,Itasca,MN,0.897
27063,Jackson,MN,0.888
27065,Kanabec,MN,0.853
27067,Kandiyohi,MN,0.848
27069,Kittson,MN,0.712
27071,Koochiching,MN,0.86
27073,Lac qui Parle,MN,0.84
27075,Lake,MN,0.84
27077,Lake of the Woods,MN,0.914
27079,Le Sueur,MN,0.873
27081,Lincoln,MN,0.862
27083,Lyon,MN,0.871
27085,McLeod,MN,0.887
27087,Mahnomen,MN,0.931
27089,Marshall,MN,0.921
27091,Martin,MN,0.822
27093,Meeker,MN,0.833
27095,Mille Lacs,MN,0.851
27097,Morrison,MN,0.897
27099,Mower,MN,0.943
27101,Murray,MN,0.924
27103,Nicollet,MN,0.926
27105,Nobles,MN,0.858
27107,Norman,MN,0.914
27109,Olmsted,MN,0.933
27111,Otter Tail,MN,0.818
27113,Pennington,MN,0.953
27115,Pine,MN,0.844
27117,Pipestone,MN,0.898
27119,Polk,MN,0.855
27121,Pope,MN,0.889
27123,Ramsey,MN,0.886
27125,Red Lake,MN,0.915
27127,Redwood,MN,0.843
27129,Renville,MN,0.923
27131,Rice,MN,0.851
27133,Rock,MN,0.871
27135,Roseau,MN,0.823
27137,St Louis,MN,0.907
27139,Scott,MN,0.848
27141,Sherburne,MN,0.822
27143,Sibley,MN,0.808
27145,Stearns,MN,0.777
27147,Steele,MN,0.883
27149,Stevens,MN,0.864
27151,Swift,MN,0.88
27153,Todd,MN,0.786
27155,Traverse,MN,1
27157,Wabasha,MN,0.87
27159,Wadena,MN,0.67
27161,Waseca,MN,0.891
27163,Washington,MN,0.911
27165,Watonwan,MN,0.95
27167,Wilkin,MN,0.942
27169,Winona,MN,0.903
27171,Wright,MN,0.852
27173,Yellow Medicine,MN,0.957
29001,Adair,MO,0.944
29003,Andrew,MO,0.948
29005,Atchison,MO,0.913
29007,Audrain,MO,0.967
29009,Barry,MO,0.92
29011,Barton,MO,0.933
29013,Bates,MO,0.869
29015,Benton,MO,0.806
29017,Bollinger,MO,0.908
29019,Boone,MO,0.949
29021,Buchanan,MO,0.965
29023,Butler,MO,0.861
29025,Caldwell,MO,0.951
29027,Callaway,MO,0.905
29029,Camden,MO,0.907
29031,Cape Girardeau,MO,0.9
29033,Carroll,MO,0.946
29035,Carter,MO,0.859
29037,Cass,MO,0.898
29039,Cedar,MO,0.744
29041,Chariton,MO,0.942
29043,Christian,MO,0.815
29045,Clark,MO,0.96
29047,Clay,MO,0.899
29049,Clinton,MO,0.884
29051,Cole,MO,0.948
29053,Cooper,MO,0.932
29055,Crawford,MO,0.913
29057,Dade,MO,0.907
29059,Dallas,MO,0.844
29061,Daviess,MO,0.744
29063,DeKalb,MO,0.974
29065,Dent,MO,0.879
29067,Douglas,MO,0.754
29069,Dunklin,MO,0.961
29071,Franklin,MO,0.914
29073,Gasconade,MO,0.942
29075,Gentry,MO,0.983
29077,Greene,MO,0.873
29079,Grundy,MO,0.91
29081,Harrison,MO,0.88
29083,Henry,MO,0.912
29085,Hickory,MO,0.891
29087,Holt,MO,0.872
29089,Howard,MO,0.991
29091,Howell,MO,0.839
29093,Iron,MO,0.959
29095,Jackson,MO,0.895
29097,Jasper,MO,0.919
29099,Jefferson,MO,0.941
29101,Johnson,MO,0.902
29103,Knox,MO,0.975
29105,Laclede,MO,0.909
29107,Lafayette,MO,0.857
29109,Lawrence,MO,0.858
29111,Lewis,MO,0.875
29113,Lincoln,MO,0.936
29115,Linn,MO,0.916
29117,Livingston,MO,0.925
29119,McDonald,MO,0.91
29121,Macon,MO,0.888
29123,Madison,MO,0.967
29125,Maries,MO,0.899
29127,Marion,MO,0.942
29129,Mercer,MO,1
29131,Miller,MO,0.898
29133,Mississippi,MO,0.936
29135,Moniteau,MO,0.94
29137,Monroe,MO,0.923
29139,Montgomery,MO,0.959
29141,Morgan,MO,0.856
29143,New Madrid,MO,0.963
29145,Newton,MO,0.893
29147,Nodaway,MO,0.962
29149,Oregon,MO,0.858
29151,Osage,MO,0.919
29153,Ozark,MO,0.729
29155,Pemiscot,MO,0.681
29157,Perry,MO,0.882
29159,Pettis,MO,0.824
29161,Phelps,MO,0.947
29163,Pike,MO,0.942
29165,Platte,MO,0.931
29167,Polk,MO,0.873
29169,Pulaski,MO,0.906
29171,Putnam,MO,0.913
29173,Ralls,MO,0.974
29175,Randolph,MO,0.947
29177,Ray,MO,0.952
29179,Reynolds,MO,0.911
29181,Ripley,MO,0.876
29183,St Charles,MO,0.947
29185,St Clair,MO,0.881
29186,Ste Genevieve,MO,0.87
29187,St Francois,MO,0.953
29189,St Louis County,MO,0.91
29195,Saline,MO,0.941
29197,Schuyler,MO,0.977
29199,Scotland,MO,0.941
29201,Scott,MO,0.947
29203,Shannon,MO,0.875
29205,Shelby,MO,0.901
29207,Stoddard,MO,0.915
29209,Stone,MO,0.876
29211,Sullivan,MO,0.959
29213,Taney,MO,0.835
29215,Texas,MO,0.822
29217,Vernon,MO,0.891
29219,Warren,MO,0.921
29221,Washington,MO,0.9
29223,Wayne,MO,0.911
29225,Webster,MO,0.933
29227,Worth,MO,1
29229,Wright,MO,0.773
29510,St Louis City,MO,0.74
28001,Adams,MS,0.9821
28003,Alcorn,MS,0.9864
28005,Amite,MS,0.9619
28007,Attala,MS,0.9908
28009,Benton,MS,0.9878
28011,Bolivar,MS,0.9975
28013,Calhoun,MS,0.9879
28015,Carroll,MS,0.9839
28017,Chickasaw,MS,0.9957
28019,Choctaw,MS,0.9646
28021,Claiborne,MS,1
28023,Clarke,MS,0.9834
28025,Clay,MS,0.9788
28027,Coahoma,MS,0.9965
28029,Copiah,MS,0.9835
28031,Covington,MS,0.9915
28033,DeSoto,MS,0.9718
28035,Forrest,MS,0.9705
28037,Franklin,MS,0.9691
28039,George,MS,0.9597
28041,Greene,MS,0.9853
28043,Grenada,MS,0.9626
28045,Hancock,MS,0.98
28047,Harrison,MS,0.9776
28049,Hinds,MS,0.9751
28051,Holmes,MS,0.9771
28053,Humphreys,MS,1
28055,Issaquena,MS,1
28057,Itawamba,MS,0.9638
28059,Jackson,MS,0.9638
28061,Jasper,MS,0.9672
28063,Jefferson,MS,1
28065,Jefferson Davis,MS,0.9889
28067,Jones,MS,0.9667
28069,Kemper,MS,0.987
28071,Lafayette,MS,0.9801
28073,Lamar,MS,0.9879
28075,Lauderdale,MS,0.9922
28077,Lawrence,MS,0.9841
28079,Leake,MS,0.9963
28081,Lee,MS,0.9725
28083,Leflore,MS,0.9803
28085,Lincoln,MS,0.9444
28087,Lowndes,MS,0.9804
28089,Madison,MS,0.9683
28091,Marion,MS,0.979
28093,Marshall,MS,0.9619
28095,Monroe,MS,0.9863
28097,Montgomery,MS,0.9722
28099,Neshoba,MS,0.9917
28101,Newton,MS,0.9722
28103,Noxubee,MS,0.9561
28105,Oktibbeha,MS,0.9934
28107,Panola,MS,0.9936
28109,Pearl River,MS,0.9722
28111,Perry,MS,0.9924
28113,Pike,MS,0.9808
28115,Pontotoc,MS,0.9534
28117,Prentiss,MS,0.9961
28119,Quitman,MS,1
28121,Rankin,MS,0.9703
28123,Scott,MS,0.9772
28125,Sharkey,MS,1
28127,Simpson,MS,0.9716
28129,Smith,MS,0.9855
28131,Stone,MS,0.9808
28133,Sunflower,MS,0.9872
28135,Tallahatchie,MS,1
28137,Tate,MS,0.9598
28139,Tippah,MS,0.993
28141,Tishomingo,MS,0.9583
28143,Tunica,MS,0.9928
28145,Union,MS,0.9745
28147,Walthall,MS,0.9697
28149,Warren,MS,0.9865
28151,Washington,MS,0.9919
28153,Wayne,MS,0.9932
28155,Webster,MS,0.9925
28157,Wilkinson,MS,1
28159,Winston,MS,0.9643
28161,Yalobusha,MS,0.963
28163,Yazoo,MS,0.9884
37001,Alamance,NC,0.95137217
37003,Alexander,NC,0.94136808
37005,Alleghany,NC,0.95384615
37007,Anson,NC,0.95330739
37009,Ashe,NC,0.97122302
37011,Avery,NC,0.8951049
37013,Beaufort,NC,0.95343681
37015,Bertie,NC,1
37017,Bladen,NC,0.96694215
37019,Brunswick,NC,0.92928453
37021,Buncombe,NC,0.89162562
37023,Burke,NC,0.95911602
37025,Cabarrus,NC,0.92197659
37027,Caldwell,NC,0.96386946
37029,Camden,NC,0.96183206
37031,Carteret,NC,0.94867257
37033,Caswell,NC,0.95266272
37035,Catawba,NC,0.91818684
37037,Chatham,NC,0.95244565
37039,Cherokee,NC,0.86666667
37041,Chowan,NC,0.93706294
37043,Clay,NC,0.87619048
37045,Cleveland,NC,0.94117647
37047,Columbus,NC,0.95117845
37049,Craven,NC,0.92741165
37051,Cumberland,NC,0.92202999
37053,Currituck,NC,0.94153846
37055,Dare,NC,0.95348837
37057,Davidson,NC,0.96441281
37059,Davie,NC,0.96097561
37061,Duplin,NC,0.97982346
37063,Durham,NC,0.88014687
37065,Edgecombe,NC,0.95429616
37067,Forsyth,NC,0.92799446
37069,Franklin,NC,0.94047619
37071,Gaston,NC,0.90848953
37073,Gates,NC,0.97029703
37075,Graham,NC,0.93589744
37077,Granville,NC,0.97540984
37079,Greene,NC,0.99502488
37081,Guilford,NC,0.92960699
37083,Halifax,NC,0.94789579
37085,Harnett,NC,0.90358467
37087,Haywood,NC,0.92261905
37089,Henderson,NC,0.90790791
37091,Hertford,NC,0.97530864
37093,Hoke,NC,0.91101056
37095,Hyde,NC,0.92307692
37097,Iredell,NC,0.91495857
37099,Jackson,NC,0.92913386
37101,Johnston,NC,0.93714093
37103,Jones,NC,0.95652174
37105,Lee,NC,0.93621868
37107,Lenoir,NC,0.9521045
37109,Lincoln,NC,0.88762984
37111,McDowell,NC,0.9747191
37113,Macon,NC,0.86319218
37115,Madison,NC,0.87407407
37117,Martin,NC,0.97607656
37119,Mecklenburg,NC,0.92045455
37121,Mitchell,NC,0.90909091
37123,Montgomery,NC,0.98742138
37125,Moore,NC,0.94683346
37127,Nash,NC,0.95996276
37129,New Hanover,NC,0.92860684
37131,Northampton,NC,0.98351648
37133,Onslow,NC,0.84225221
37135,Orange,NC,0.96588694
37137,Pamlico,NC,0.95967742
37139,Pasquotank,NC,0.91330645
37141,Pender,NC,0.9286754
37143,Perquimans,NC,0.91304348
37145,Person,NC,0.96181384
37147,Pitt,NC,0.95289684
37149,Polk,NC,0.83928571
37151,Randolph,NC,0.94973545
37153,Richmond,NC,0.97429306
37155,Robeson,NC,0.95244134
37157,Rockingham,NC,0.96205357
37159,Rowan,NC,0.89567605
37161,Rutherford,NC,0.92896936
37163,Sampson,NC,0.93985849
37165,Scotland,NC,0.89318182
37167,Stanly,NC,0.93632417
37169,Stokes,NC,0.96192893
37171,Surry,NC,0.94634146
37173,Swain,NC,0.97484277
37175,Transylvania,NC,0.84532374
37177,Tyrrell,NC,0.88
37179,Union,NC,0.88569496
37181,Vance,NC,0.92307692
37183,Wake,NC,0.94103792
37185,Warren,NC,0.98701299
37187,Washington,NC,1
37189,Watauga,NC,0.89634146
37191,Wayne,NC,0.94853801
37193,Wilkes,NC,0.95524691
37195,Wilson,NC,0.91975309
37197,Yadkin,NC,0.95174263
37199,Yancey,NC,0.92592593
38001,Adams,ND,0.875
38003,Barnes,ND,0.9205
38005,Benson,ND,1
38007,Billings,ND,0.6667
38009,Bottineau,ND,0.918
38011,Bowman,ND,0.8936
38013,Burke,ND,0.8333
38015,Burleigh,ND,0.8857
38017,Cass,ND,0.9285
38019,Cavalier,ND,0.9565
38021,Dickey,ND,0.7174
38023,Divide,ND,0.9118
38025,Dunn,ND,0.8125
38027,Eddy,ND,0.931
38029,Emmons,ND,0.8621
38031,Foster,ND,0.9216
38033,Golden Valley,ND,0.92
38035,Grand Forks,ND,0.9199
38037,Grant,ND,0.5909
38039,Griggs,ND,0.8857
38041,Hettinger,ND,0.8974
38043,Kidder,ND,0.88
38045,La Moure,ND,0.8889
38047,Logan,ND,0.7
38049,McHenry,ND,0.7619
38051,McIntosh,ND,0.8571
38053,McKenzie,ND,0.7
38055,McLean,ND,0.8242
38057,Mercer,ND,0.8198
38059,Morton,ND,0.8794
38061,Mountrail,ND,0.8721
38063,Nelson,ND,0.9429
38065,Oliver,ND,0.9286
38067,Pembina,ND,0.9565
38069,Pierce,ND,0.9167
38071,Ramsey,ND,0.9825
38073,Ransom,ND,0.95
38075,Renville,ND,0.9167
38077,Richland,ND,0.9333
38079,Rolette,ND,0.9824
38081,Sargent,ND,0.8478
38083,Sheridan,ND,0.5714
38085,Sioux,ND,0.875
38087,Slope,ND,
38089,Stark,ND,0.8727
38091,Steele,ND,1
38093,Stutsman,ND,0.9163
38095,Towner,ND,0.9412
38097,Traill,ND,0.9535
38099,Walsh,ND,0.9573
38101,Ward,ND,0.9195
38103,Wells,ND,0.7826
38105,Williams,ND,0.805
31001,Adams,NE,0.957627119
31003,Antelope,NE,0.875
31005,Arthur,NE,
31007,Banner,NE,0.5714
31009,Blaine,NE,
31011,Boone,NE,0.984615385
31013,Box Butte,NE,0.894308943
31015,Boyd,NE,0.818181818
31017,Brown,NE,0.935483871
31019,Buffalo,NE,0.975641026
31021,Burt,NE,0.973684211
31023,Butler,NE,0.93442623
31025,Cass,NE,0.924686192
31027,Cedar,NE,0.864
31029,Chase,NE,0.94
31031,Cherry,NE,0.898550725
31033,Cheyenne,NE,0.957142857
31035,Clay,NE,0.916666667
31037,Colfax,NE,0.984771574
31039,Cuming,NE,0.95890411
31041,Custer,NE,0.9
31043,Dakota,NE,0.954545455
31045,Dawes,NE,0.942028986
31047,Dawson,NE,0.976253298
31049,Deuel,NE,0.857142857
31051,Dixon,NE,0.979591837
31053,Dodge,NE,0.943277311
31055,Douglas,NE,0.980565174
31057,Dundy,NE,0.909090909
31059,Fillmore,NE,0.947368421
31061,Franklin,NE,
31063,Frontier,NE,0.897959184
31065,Furnas,NE,0.949367089
31067,Gage,NE,0.936585366
31069,Garden,NE,0.636363636
31071,Garfield,NE,1
31073,Gosper,NE,0.666666667
31075,Grant,NE,0.785714286
31077,Greeley,NE,0.891891892
31079,Hall,NE,0.96326062
31081,Hamilton,NE,0.876106195
31083,Harlan,NE,0.956521739
31085,Hayes,NE,0.375
31087,Hitchcock,NE,0.904761905
31089,Holt,NE,0.951086957
31091,Hooker,NE,
31093,Howard,NE,0.945054945
31095,Jefferson,NE,0.972972973
31097,Johnson,NE,0.974358974
31099,Kearney,NE,0.977272727
31101,Keith,NE,0.931034483
31103,Keya Paha,NE,0.75
31105,Kimball,NE,0.961538462
31107,Knox,NE,0.907563025
31109,Lancaster,NE,0.894271872
31111,Lincoln,NE,0.945054945
31113,Logan,NE,0.857142857
31115,Loup,NE,0.6
31117,McPherson,NE,1
31119,Madison,NE,0.96925859
31121,Merrick,NE,0.973333333
31123,Morrill,NE,0.844444444
31125,Nance,NE,0.955223881
31127,Nemaha,NE,0.884615385
31129,Nuckolls,NE,0.917647059
31131,Otoe,NE,0.944
31133,Pawnee,NE,0.956521739
31135,Perkins,NE,0.958333333
31137,Phelps,NE,0.961783439
31139,Pierce,NE,0.901098901
31141,Platte,NE,0.978308026
31143,Polk,NE,0.928571429
31145,Red Willow,NE,0.976923077
31147,Richardson,NE,0.95959596
31149,Rock,NE,
31151,Saline,NE,0.969849246
31153,Sarpy,NE,0.953096539
31155,Saunders,NE,0.951871658
31157,Scotts Bluff,NE,0.901960784
31159,Seward,NE,0.970149254
31161,Sheridan,NE,0.87804878
31163,Sherman,NE,0.923076923
31165,Sioux,NE,1
31167,Stanton,NE,1
31169,Thayer,NE,0.962962963
31171,Thomas,NE,
31173,Thurston,NE,0.903225806
31175,Valley,NE,0.896551724
31177,Washington,NE,0.936651584
31179,Wayne,NE,0.962264151
31181,Webster,NE,1
31183,Wheeler,NE,0.9375
31185,York,NE,0.964028777
33001,Belknap,NH,0.935
33003,Carroll,NH,0.904
33005,Cheshire,NH,0.905
33007,Coos,NH,0.944
33009,Grafton,NH,0.911
33011,Hillsborough,NH,0.929
33013,Merrimack,NH,0.917
33015,Rockingham,NH,0.937
33017,Strafford,NH,0.932
33019,Sullivan,NH,0.906
34001,Atlantic,NJ,0.889
34003,Bergen,NJ,0.949
34005,Burlington,NJ,0.933
34007,Camden,NJ,0.949
34009,Cape May,NJ,0.893
34011,Cumberland,NJ,0.954
34013,Essex,NJ,0.924
34015,Gloucester,NJ,0.948
34017,Hudson,NJ,0.937
34019,Hunterdon,NJ,0.924
34021,Mercer,NJ,0.953
34023,Middlesex,NJ,0.951
34025,Monmouth,NJ,0.888
34027,Morris,NJ,0.941
34029,Ocean,NJ,0.843
34031,Passaic,NJ,0.947
34033,Salem,NJ,0.948
34035,Somerset,NJ,0.949
34037,Sussex,NJ,0.909
34039,Union,NJ,0.948
34041,Warren,NJ,0.928
35001,Bernalillo,NM,0.9371
35003,Catron,NM,0.5
35005,Chaves,NM,0.9814
35006,Cibola,NM,0.9235
35007,Colfax,NM,0.9
35009,Curry,NM,0.9784
35011,De Baca,NM,0.9333
35013,Dona Ana,NM,0.9784
35015,Eddy,NM,0.9539
35017,Grant,NM,0.8711
35019,Guadalupe,NM,0.9697
35021,Harding,NM,1
35023,Hidalgo,NM,0.9643
35025,Lea,NM,0.9666
35027,Lincoln,NM,0.9307
35028,Los Alamos,NM,0.9828
35029,Luna,NM,0.9798
35031,McKinley,NM,0.9057
35033,Mora,NM,1
35035,Otero,NM,0.9654
35037,Quay,NM,0.9362
35039,Rio Arriba,NM,0.9361
35041,Roosevelt,NM,0.964
35043,Sandoval,NM,0.9603
35045,San Juan,NM,0.9548
35047,San Miguel,NM,0.9091
35049,Santa Fe,NM,0.9233
35051,Sierra,NM,0.9024
35053,Socorro,NM,0.8778
35055,Taos,NM,0.8944
35057,Torrance,NM,0.9091
35059,Union,NM,0.9063
35061,Valencia,NM,0.9514
32001,Churchill,NV,0.929
32003,Clark,NV,0.906
32005,Douglas,NV,0.875
32007,Elko,NV,0.921
32009,Esmeralda,NV,0.667
32011,Eureka,NV,0.75
32013,Humboldt,NV,0.848
32015,Lander,NV,1
32017,Lincoln,NV,0.696
32019,Lyon,NV,0.917
32021,Mineral,NV,0.973
32023,Nye,NV,0.825
32027,Pershing,NV,0.78
32029,Storey,NV,0.966
32031,Washoe,NV,0.855
32033,White Pine,NV,0.854
32510,Carson City,NV,0.955
36001,Albany,NY,98.51442018
36003,Allegany,NY,99.51994993
36005,Bronx,NY,97.13030048
36007,Broome,NY,99.75569712
36009,Cattaraugus,NY,99.71772643
36011,Cayuga,NY,99.48369715
36013,Chautauqua,NY,99.16435749
36015,Chemung,NY,99.7523633
36017,Chenango,NY,99.88221595
36019,Clinton,NY,99.85581307
36021,Columbia,NY,99.22812037
36023,Cortland,NY,99.91315901
36025,Delaware,NY,99.84767651
36027,Dutchess,NY,98.89965313
36029,Erie,NY,97.87726069
36031,Essex,NY,99.43410913
36033,Franklin,NY,99.95049852
36035,Fulton,NY,99.80320585
36037,Genesee,NY,99.76605142
36039,Greene,NY,99.86236089
36041,Hamilton,NY,100
36043,Herkimer,NY,99.77437749
36045,Jefferson,NY,99.4304515
36047,Kings,NY,97.69404993
36049,Lewis,NY,99.61636576
36051,Livingston,NY,99.89134894
36053,Madison,NY,99.7110221
36055,Monroe,NY,99.42577467
36057,Montgomery,NY,99.43135044
36059,Nassau,NY,98.66705808
36061,New York,NY,98.88318384
36063,Niagara,NY,98.0207944
36065,Oneida,NY,97.62275906
36067,Onondaga,NY,99.61621517
36069,Ontario,NY,99.92038761
36071,Orange,NY,96.91728389
36073,Orleans,NY,99.86696828
36075,Oswego,NY,99.91612416
36077,Otsego,NY,99.88832415
36079,Putnam,NY,99.70334155
36081,Queens,NY,97.58366076
36083,Rensselaer,NY,99.91490232
36085,Richmond,NY,99.30200847
36087,Rockland,NY,98.28185605
36089,St Lawrence,NY,99.87059874
36091,Saratoga,NY,99.88588627
36093,Schenectady,NY,97.03695451
36095,Schoharie,NY,99.90210728
36097,Schuyler,NY,99.52669014
36099,Seneca,NY,98.36114132
36101,Steuben,NY,99.82008146
36103,Suffolk,NY,99.64533545
36105,Sullivan,NY,98.46046467
36107,Tioga,NY,99.79236943
36109,Tompkins,NY,99.80408981
36111,Ulster,NY,99.7631694
36113,Warren,NY,99.83892239
36115,Washington,NY,99.84987227
36117,Wayne,NY,99.81753806
36119,Westchester,NY,99.37515895
36121,Wyoming,NY,99.18948613
36123,Yates,NY,100
39001,Adams,OH,0.969
39003,Allen,OH,0.857
39005,Ashland,OH,0.897
39007,Ashtabula,OH,0.935
39009,Athens,OH,0.939
39011,Auglaize,OH,0.835
39013,Belmont,OH,0.932
39015,Brown,OH,0.952
39017,Butler,OH,0.921
39019,Carroll,OH,0.901
39021,Champaign,OH,0.917
39023,Clark,OH,0.905
39025,Clermont,OH,0.943
39027,Clinton,OH,0.833
39029,Columbiana,OH,0.888
39031,Coshocton,OH,0.934
39033,Crawford,OH,0.92
39035,Cuyahoga,OH,0.864
39037,Darke,OH,0.925
39039,Defiance,OH,0.903
39041,Delaware,OH,0.925
39043,Erie,OH,0.835
39045,Fairfield,OH,0.931
39047,Fayette,OH,0.934
39049,Franklin,OH,0.896
39051,Fulton,OH,0.882
39053,Gallia,OH,0.965
39055,Geauga,OH,0.896
39057,Greene,OH,0.909
39059,Guernsey,OH,0.951
39061,Hamilton,OH,0.771
39063,Hancock,OH,0.864
39065,Hardin,OH,0.889
39067,Harrison,OH,
39069,Henry,OH,0.872
39071,Highland,OH,0.942
39073,Hocking,OH,0.915
39075,Holmes,OH,0.593
39077,Huron,OH,0.861
39079,Jackson,OH,0.919
39081,Jefferson,OH,0.927
39083,Knox,OH,0.841
39085,Lake,OH,0.895
39087,Lawrence,OH,0.96
39089,Licking,OH,0.906
39091,Logan,OH,0.842
39093,Lorain,OH,0.919
39095,Lucas,OH,0.842
39097,Madison,OH,0.938
39099,Mahoning,OH,0.884
39101,Marion,OH,0.931
39103,Medina,OH,0.917
39105,Meigs,OH,0.979
39107,Mercer,OH,0.891
39109,Miami,OH,0.892
39111,Monroe,OH,0.975
39113,Montgomery,OH,0.846
39115,Morgan,OH,0.971
39117,Morrow,OH,0.879
39119,Muskingum,OH,0.972
39121,Noble,OH,0.941
39123,Ottawa,OH,0.87
39125,Paulding,OH,0.895
39127,Perry,OH,0.915
39129,Pickaway,OH,0.937
39131,Pike,OH,0.949
39133,Portage,OH,0.897
39135,Preble,OH,0.894
39137,Putnam,OH,0.937
39139,Richland,OH,0.852
39141,Ross,OH,0.897
39143,Sandusky,OH,0.864
39145,Scioto,OH,0.971
39147,Seneca,OH,0.857
39149,Shelby,OH,0.776
39151,Stark,OH,0.897
39153,Summit,OH,0.86
39155,Trumbull,OH,0.918
39157,Tuscarawas,OH,0.925
39159,Union,OH,0.89
39161,Van Wert,OH,0.786
39163,Vinton,OH,0.902
39165,Warren,OH,0.918
39167,Washington,OH,0.933
39169,Wayne,OH,0.87
39171,Williams,OH,0.878
39173,Wood,OH,0.929
39175,Wyandot,OH,0.941
40001,Adair,OK,0.8638
40003,Alfalfa,OK,0.9
40005,Atoka,OK,0.8633
40007,Beaver,OK,0.8519
40009,Beckham,OK,0.9331
40011,Blaine,OK,0.9286
40013,Bryan,OK,0.9126
40015,Caddo,OK,0.8093
40017,Canadian,OK,0.8681
40019,Carter,OK,0.8903
40021,Cherokee,OK,0.8854
40023,Choctaw,OK,0.8553
40025,Cimarron,OK,0.5
40027,Cleveland,OK,0.9278
40029,Coal,OK,0.7143
40031,Comanche,OK,0.8545
40033,Cotton,OK,0.873
40035,Craig,OK,0.8908
40037,Creek,OK,0.878
40039,Custer,OK,0.9008
40041,Delaware,OK,0.914
40043,Dewey,OK,0.5161
40045,Ellis,OK,0.8913
40047,Garfield,OK,0.9351
40049,Garvin,OK,0.8661
40051,Grady,OK,0.8885
40053,Grant,OK,0.9483
40055,Greer,OK,0.9804
40057,Harmon,OK,0.8889
40059,Harper,OK,0.963
40061,Haskell,OK,0.9182
40063,Hughes,OK,0.8986
40065,Jackson,OK,0.9585
40067,Jefferson,OK,0.8462
40069,Johnston,OK,0.8919
40071,Kay,OK,0.9417
40073,Kingfisher,OK,0.8592
40075,Kiowa,OK,0.9277
40077,Latimer,OK,0.9487
40079,Le Flore,OK,0.9076
40081,Lincoln,OK,0.8301
40083,Logan,OK,0.8969
40085,Love,OK,0.6842
40087,McClain,OK,0.8845
40089,McCurtain,OK,0.8326
40091,McIntosh,OK,0.9213
40093,Major,OK,0.913
40095,Marshall,OK,0.9161
40097,Mayes,OK,0.9002
40099,Murray,OK,0.7943
40101,Muskogee,OK,0.8816
40103,Noble,OK,0.9296
40105,Nowata,OK,0.8667
40107,Okfuskee,OK,0.8678
40109,Oklahoma,OK,0.865
40111,Okmulgee,OK,0.9286
40113,Osage,OK,0.8452
40115,Ottawa,OK,0.8612
40117,Pawnee,OK,0.8742
40119,Payne,OK,0.8409
40121,Pittsburg,OK,0.8946
40123,Pontotoc,OK,0.9313
40125,Pottawatomie,OK,0.9097
40127,Pushmataha,OK,0.8169
40129,Roger Mills,OK,0.9286
40131,Rogers,OK,0.8755
40133,Seminole,OK,0.8199
40135,Sequoyah,OK,0.8521
40137,Stephens,OK,0.9123
40139,Texas,OK,0.9559
40141,Tillman,OK,0.8889
40143,Tulsa,OK,0.9058
40145,Wagoner,OK,0.8696
40147,Washington,OK,0.8876
40149,Washita,OK,0.8916
40151,Woods,OK,0.8505
40153,Woodward,OK,0.7798
41001,Baker,OR,0.819
41003,Benton,OR,0.942
41005,Clackamas,OR,0.899
41007,Clatsop,OR,0.905
41009,Columbia,OR,0.861
41011,Coos,OR,0.915
41013,Crook,OR,0.872
41015,Curry,OR,0.878
41017,Deschutes,OR,0.9
41019,Douglas,OR,0.892
41021,Gilliam,OR,0.923
41023,Grant,OR,0.814
41025,Harney,OR,0.899
41027,Hood River,OR,0.911
41029,Jackson,OR,0.853
41031,Jefferson,OR,0.941
41033,Josephine,OR,0.775
41035,Klamath,OR,0.873
41037,Lake,OR,0.795
41039,Lane,OR,0.916
41041,Lincoln,OR,0.932
41043,Linn,OR,0.892
41045,Malheur,OR,0.921
41047,Marion,OR,0.916
41049,Morrow,OR,0.933
41051,Multnomah,OR,0.918
41053,Polk,OR,0.9
41055,Sherman,OR,0.911
41057,Tillamook,OR,0.865
41059,Umatilla,OR,0.935
41061,Union,OR,0.906
41063,Wallowa,OR,0.857
41065,Wasco,OR,0.911
41067,Washington,OR,0.947
41069,Wheeler,OR,0.615
41071,Yamhill,OR,0.889
42001,Adams,PA,0.929
42003,Allegheny,PA,0.941
42005,Armstrong,PA,0.951
42007,Beaver,PA,0.915
42009,Bedford,PA,0.953
42011,Berks,PA,0.945
42013,Blair,PA,0.92
42015,Bradford,PA,0.894
42017,Bucks,PA,0.943
42019,Butler,PA,0.943
42021,Cambria,PA,0.954
42023,Cameron,PA,0.806
42025,Carbon,PA,0.955
42027,Centre,PA,0.944
42029,Chester,PA,0.945
42031,Clarion,PA,0.943
42033,Clearfield,PA,0.93
42035,Clinton,PA,0.931
42037,Columbia,PA,0.965
42039,Crawford,PA,0.924
42041,Cumberland,PA,0.951
42043,Dauphin,PA,0.868
42045,Delaware,PA,0.943
42047,Elk,PA,0.948
42049,Erie,PA,0.941
42051,Fayette,PA,0.925
42053,Forest,PA,1
42055,Franklin,PA,0.933
42057,Fulton,PA,0.879
42059,Greene,PA,0.923
42061,Huntingdon,PA,0.926
42063,Indiana,PA,0.93
42065,Jefferson,PA,0.937
42067,Juniata,PA,0.934
42069,Lackawanna,PA,0.967
42071,Lancaster,PA,0.885
42073,Lawrence,PA,0.942
42075,Lebanon,PA,0.932
42077,Lehigh,PA,0.956
42079,Luzerne,PA,0.939
42081,Lycoming,PA,0.952
42083,McKean,PA,0.938
42085,Mercer,PA,0.927
42087,Mifflin,PA,0.923
42089,Monroe,PA,0.878
42091,Montgomery,PA,0.953
42093,Montour,PA,0.974
42095,Northampton,PA,0.949
42097,Northumberland,PA,0.932
42099,Perry,PA,0.919
42101,Philadelphia,PA,0.947
42103,Pike,PA,0.883
42105,Potter,PA,0.926
42107,Schuylkill,PA,0.954
42109,Snyder,PA,0.881
42111,Somerset,PA,0.923
42113,Sullivan,PA,0.941
42115,Susquehanna,PA,0.923
42117,Tioga,PA,0.951
42119,Union,PA,0.94
42121,Venango,PA,0.941
42123,Warren,PA,0.964
42125,Washington,PA,0.956
42127,Wayne,PA,0.875
42129,Westmoreland,PA,0.921
42131,Wyoming,PA,0.973
42133,York,PA,0.936
44001,Bristol,RI,0.968
44003,Kent,RI,0.965
44005,Newport,RI,0.94
44007,Providence,RI,0.95
44009,Washington,RI,0.939
45001,Abbeville,SC,0.942
45003,Aiken,SC,0.927
45005,Allendale,SC,0.98
45007,Anderson,SC,0.951
45009,Bamberg,SC,0.977
45011,Barnwell,SC,0.946
45013,Beaufort,SC,0.952
45015,Berkeley,SC,0.935
45017,Calhoun,SC,0.957
45019,Charleston,SC,0.92
45021,Cherokee,SC,0.932
45023,Chester,SC,0.965
45025,Chesterfield,SC,0.973
45027,Clarendon,SC,0.984
45029,Colleton,SC,0.966
45031,Darlington,SC,0.976
45033,Dillon,SC,0.984
45035,Dorchester,SC,0.951
45037,Edgefield,SC,0.962
45039,Fairfield,SC,0.894
45041,Florence,SC,0.969
45043,Georgetown,SC,0.958
45045,Greenville,SC,0.942
45047,Greenwood,SC,0.963
45049,Hampton,SC,0.981
45051,Horry,SC,0.908
45053,Jasper,SC,0.825
45055,Kershaw,SC,0.951
45057,Lancaster,SC,0.942
45059,Laurens,SC,0.96
45061,Lee,SC,0.96
45063,Lexington,SC,0.948
45065,McCormick,SC,0.964
45067,Marion,SC,0.986
45069,Marlboro,SC,0.963
45071,Newberry,SC,0.975
45073,Oconee,SC,0.943
45075,Orangeburg,SC,0.956
45077,Pickens,SC,0.945
45079,Richland,SC,0.913
45081,Saluda,SC,0.97
45083,Spartanburg,SC,0.9
45085,Sumter,SC,0.962
45087,Union,SC,0.964
45089,Williamsburg,SC,0.974
45091,York,SC,0.936
46003,Aurora,SD,0.89
46005,Beadle,SD,0.88
46007,Bennett,SD,0.78
46009,Bon Homme,SD,0.86
46011,Brookings,SD,0.9
46013,Brown,SD,0.95
46015,Brule,SD,0.82
46017,Buffalo,SD,
46019,Butte,SD,0.97
46021,Campbell,SD,0.93
46023,Charles Mix,SD,0.81
46025,Clark,SD,0.63
46027,Clay,SD,0.93
46029,Codington,SD,0.9
46031,Corson,SD,0.87
46033,Custer,SD,0.88
46035,Davison,SD,0.93
46037,Day,SD,0.99
46039,Deuel,SD,0.89
46041,Dewey,SD,0.94
46043,Douglas,SD,0.72
46045,Edmunds,SD,0.77
46047,Fall River,SD,0.81
46049,Faulk,SD,0.56
46051,Grant,SD,0.91
46053,Gregory,SD,0.87
46055,Haakon,SD,0.9
46057,Hamlin,SD,0.85
46059,Hand,SD,0.83
46061,Hanson,SD,0.77
46063,Harding,SD,0.95
46065,Hughes,SD,0.94
46067,Hutchinson,SD,0.63
46069,Hyde,SD,0.89
46071,Jackson,SD,1
46073,Jerauld,SD,0.74
46075,Jones,SD,1
46077,Kingsbury,SD,0.92
46079,Lake,SD,0.83
46081,Lawrence,SD,0.93
46083,Lincoln,SD,0.93
46085,Lyman,SD,0.98
46087,McCook,SD,0.78
46089,McPherson,SD,0.86
46091,Marshall,SD,0.73
46093,Meade,SD,0.9
46095,Mellette,SD,0.94
46097,Miner,SD,0.87
46099,Minnehaha,SD,0.9
46101,Moody,SD,0.89
46102,Oglala Lakota,SD,0.88
46103,Pennington,SD,0.92
46105,Perkins,SD,0.96
46107,Potter,SD,0.88
46109,Roberts,SD,0.93
46111,Sanborn,SD,0.76
46115,Spink,SD,0.85
46117,Stanley,SD,0.83
46119,Sully,SD,0.83
46121,Todd,SD,0.86
46123,Tripp,SD,0.84
46125,Turner,SD,0.86
46127,Union,SD,0.94
46129,Walworth,SD,0.91
46135,Yankton,SD,0.97
46137,Ziebach,SD,1
47001,Anderson,TN,0.959
47003,Bedford,TN,0.971
47005,Benton,TN,0.946
47007,Bledsoe,TN,0.944
47009,Blount,TN,0.939
47011,Bradley,TN,0.9
47013,Campbell,TN,0.968
47015,Cannon,TN,0.921
47017,Carroll,TN,0.923
47019,Carter,TN,0.946
47021,Cheatham,TN,0.965
47023,Chester,TN,0.92
47025,Claiborne,TN,0.929
47027,Clay,TN,0.937
47029,Cocke,TN,0.945
47031,Coffee,TN,0.956
47033,Crockett,TN,0.984
47035,Cumberland,TN,0.952
47037,Davidson,TN,0.956
47039,Decatur,TN,0.881
47041,De Kalb,TN,0.925
47043,Dickson,TN,0.964
47045,Dyer,TN,0.968
47047,Fayette,TN,0.938
47049,Fentress,TN,0.895
47051,Franklin,TN,0.952
47053,Gibson,TN,0.925
47055,Giles,TN,0.933
47057,Grainger,TN,0.987
47059,Greene,TN,0.955
47061,Grundy,TN,0.809
47063,Hamblen,TN,0.925
47065,Hamilton,TN,0.92
47067,Hancock,TN,0.797
47069,Hardeman,TN,0.991
47071,Hardin,TN,0.949
47073,Hawkins,TN,0.956
47075,Haywood,TN,0.955
47077,Henderson,TN,0.93
47079,Henry,TN,0.94
47081,Hickman,TN,0.958
47083,Houston,TN,0.977
47085,Humphreys,TN,0.94
47087,Jackson,TN,0.908
47089,Jefferson,TN,0.952
47091,Johnson,TN,0.884
47093,Knox,TN,0.942
47095,Lake,TN,0.922
47097,Lauderdale,TN,
47099,Lawrence,TN,0.914
47101,Lewis,TN,0.872
47103,Lincoln,TN,0.925
47105,Loudon,TN,0.931
47107,McMinn,TN,0.932
47109,McNairy,TN,0.925
47111,Macon,TN,0.983
47113,Madison,TN,0.957
47115,Marion,TN,0.953
47117,Marshall,TN,0.918
47119,Maury,TN,0.892
47121,Meigs,TN,0.94
47123,Monroe,TN,0.952
47125,Montgomery,TN,0.948
47127,Moore,TN,0.917
47129,Morgan,TN,0.971
47131,Obion,TN,0.954
47133,Overton,TN,0.944
47135,Perry,TN,0.956
47137,Pickett,TN,
47139,Polk,TN,0.919
47141,Putnam,TN,0.927
47143,Rhea,TN,0.957
47145,Roane,TN,0.966
47147,Robertson,TN,0.961
47149,Rutherford,TN,0.962
47151,Scott,TN,0.973
47153,Sequatchie,TN,0.979
47155,Sevier,TN,0.968
47157,Shelby,TN,0.946
47159,Smith,TN,0.933
47161,Stewart,TN,0.925
47163,Sullivan,TN,0.949
47165,Sumner,TN,0.931
47167,Tipton,TN,0.953
47169,Trousdale,TN,0.961
47171,Unicoi,TN,0.987
47173,Union,TN,0.938
47175,Van Buren,TN,0.943
47177,Warren,TN,0.906
47179,Washington,TN,0.941
47181,Wayne,TN,0.928
47183,Weakley,TN,0.963
47185,White,TN,0.89
47187,Williamson,TN,0.912
47189,Wilson,TN,0.934
48001,Anderson,TX,0.947858
48003,Andrews,TX,0.954704
48005,Angelina,TX,0.938662
48007,Aransas,TX,0.972678
48009,Archer,TX,0.94964
48011,Armstrong,TX,0.923077
48013,Atascosa,TX,0.96142
48015,Austin,TX,0.947761
48017,Bailey,TX,0.962617
48019,Bandera,TX,0.934783
48021,Bastrop,TX,0.95461
48023,Baylor,TX,0.975
48025,Bee,TX,0.96732
48027,Bell,TX,0.951261
48029,Bexar,TX,0.947451
48031,Blanco,TX,0.860465
48033,Borden,TX,0.882353
48035,Bosque,TX,0.92973
48037,Bowie,TX,0.925647
48039,Brazoria,TX,0.962127
48041,Brazos,TX,0.979899
48043,Brewster,TX,0.839506
48045,Briscoe,TX,1
48047,Brooks,TX,1
48049,Brown,TX,0.96
48051,Burleson,TX,0.961905
48053,Burnet,TX,0.881002
48055,Caldwell,TX,0.972477
48057,Calhoun,TX,0.971888
48059,Callahan,TX,0.914634
48061,Cameron,TX,0.981665
48063,Camp,TX,0.931973
48065,Carson,TX,0.91954
48067,Cass,TX,0.956012
48069,Castro,TX,0.963303
48071,Chambers,TX,0.9388
48073,Cherokee,TX,0.977901
48075,Childress,TX,0.84127
48077,Clay,TX,0.891892
48079,Cochran,TX,0.926829
48081,Coke,TX,0.911765
48083,Coleman,TX,0.942857
48085,Collin,TX,0.930423
48087,Collingsworth,TX,0.878049
48089,Colorado,TX,0.974545
48091,Comal,TX,0.916326
48093,Comanche,TX,0.969512
48095,Concho,TX,1
48097,Cooke,TX,0.915464
48099,Coryell,TX,0.942966
48101,Cottle,TX,1
48103,Crane,TX,0.976744
48105,Crockett,TX,1
48107,Crosby,TX,0.958333
48109,Culberson,TX,1
48111,Dallam,TX,0.965909
48113,Dallas,TX,0.90148
48115,Dawson,TX,0.875
48117,Deaf Smith,TX,0.993333
48119,Delta,TX,0.942857
48121,Denton,TX,0.917152
48123,DeWitt,TX,0.951872
48125,Dickens,TX,0.888889
48127,Dimmit,TX,0.992
48129,Donley,TX,0.909091
48131,Duval,TX,0.967742
48133,Eastland,TX,0.903226
48135,Ector,TX,0.936454
48137,Edwards,TX,0.933333
48139,Ellis,TX,0.930262
48141,El Paso,TX,0.977753
48143,Erath,TX,0.949425
48145,Falls,TX,0.955056
48147,Fannin,TX,0.917379
48149,Fayette,TX,0.957806
48151,Fisher,TX,0.926829
48153,Floyd,TX,0.96875
48155,Foard,TX,1
48157,Fort Bend,TX,0.952298
48159,Franklin,TX,0.940678
48161,Freestone,TX,0.946429
48163,Frio,TX,0.983333
48165,Gaines,TX,0.772563
48167,Galveston,TX,0.940071
48169,Garza,TX,0.864865
48171,Gillespie,TX,0.911765
48173,Glasscock,TX,1
48175,Goliad,TX,0.967213
48177,Gonzales,TX,0.975207
48179,Gray,TX,0.971698
48181,Grayson,TX,0.931014
48183,Gregg,TX,0.952659
48185,Grimes,TX,0.933333
48187,Guadalupe,TX,0.959032
48189,Hale,TX,0.97619
48191,Hall,TX,0.777778
48193,Hamilton,TX,0.895833
48195,Hansford,TX,0.963415
48197,Hardeman,TX,0.972222
48199,Hardin,TX,0.918546
48201,Harris,TX,0.909543
48203,Harrison,TX,0.929988
48205,Hartley,TX,0.766667
48207,Haskell,TX,0.9375
48209,Hays,TX,0.946269
48211,Hemphill,TX,0.958333
48213,Henderson,TX,0.927676
48215,Hidalgo,TX,0.968848
48217,Hill,TX,0.892857
48219,Hockley,TX,0.945338
48221,Hood,TX,0.914063
48223,Hopkins,TX,0.967672
48225,Houston,TX,0.923858
48227,Howard,TX,0.953964
48229,Hudspeth,TX,0.9375
48231,Hunt,TX,0.934137
48233,Hutchinson,TX,0.952381
48235,Irion,TX,0.652174
48237,Jack,TX,0.835294
48239,Jackson,TX,0.953307
48241,Jasper,TX,0.905914
48243,Jeff Davis,TX,0.875
48245,Jefferson,TX,0.95067
48247,Jim Hogg,TX,0.943396
48249,Jim Wells,TX,0.968553
48251,Johnson,TX,0.927747
48253,Jones,TX,0.966102
48255,Karnes,TX,0.981366
48257,Kaufman,TX,0.944037
48259,Kendall,TX,0.912237
48261,Kenedy,TX,0.923077
48263,Kent,TX,1
48265,Kerr,TX,0.929032
48267,Kimble,TX,0.930233
48269,King,TX,1
48271,Kinney,TX,0.90625
48273,Kleberg,TX,0.961538
48275,Knox,TX,0.92
48277,Lamar,TX,0.942529
48279,Lamb,TX,0.925466
48281,Lampasas,TX,0.956175
48283,La Salle,TX,0.971014
48285,Lavaca,TX,0.95389
48287,Lee,TX,0.94686
48289,Leon,TX,0.951923
48291,Liberty,TX,0.966112
48293,Limestone,TX,0.921569
48295,Lipscomb,TX,0.72093
48297,Live Oak,TX,0.984962
48299,Llano,TX,0.895522
48301,Loving,TX,
48303,Lubbock,TX,0.913411
48305,Lynn,TX,0.913043
48307,McCulloch,TX,0.939759
48309,McLennan,TX,0.952818
48311,McMullen,TX,0.9375
48313,Madison,TX,0.965714
48315,Marion,TX,0.985915
48317,Martin,TX,0.929577
48319,Mason,TX,0.923077
48321,Matagorda,TX,0.969697
48323,Maverick,TX,0.939425
48325,Medina,TX,0.966535
48327,Menard,TX,1
48329,Midland,TX,0.944486
48331,Milam,TX,0.931271
48333,Mills,TX,1
48335,Mitchell,TX,0.84
48337,Montague,TX,0.87
48339,Montgomery,TX,0.926693
48341,Moore,TX,0.965699
48343,Morris,TX,0.96748
48345,Motley,TX,1
48347,Nacogdoches,TX,0.946475
48349,Navarro,TX,0.962585
48351,Newton,TX,0.929204
48353,Nolan,TX,0.972222
48355,Nueces,TX,0.965746
48357,Ochiltree,TX,0.979167
48359,Oldham,TX,0.842105
48361,Orange,TX,0.915966
48363,Palo Pinto,TX,0.927673
48365,Panola,TX,0.93617
48367,Parker,TX,0.898144
48369,Parmer,TX,0.972414
48371,Pecos,TX,0.799699
48373,Polk,TX,0.939638
48375,Potter,TX,0.959596
48377,Presidio,TX,1
48379,Rains,TX,0.967742
48381,Randall,TX,0.92928
48383,Reagan,TX,0.984615
48385,Real,TX,0.944444
48387,Red River,TX,0.966102
48389,Reeves,TX,0.986047
48391,Refugio,TX,0.967742
48393,Roberts,TX,1
48395,Robertson,TX,0.968182
48397,Rockwall,TX,0.909091
48399,Runnels,TX,0.981013
48401,Rusk,TX,0.918182
48403,Sabine,TX,0.893939
48405,San Augustine,TX,0.898551
48407,San Jacinto,TX,0.96
48409,San Patricio,TX,0.971429
48411,San Saba,TX,0.923077
48413,Schleicher,TX,1
48415,Scurry,TX,0.972527
48417,Shackelford,TX,0.902439
48419,Shelby,TX,0.938053
48421,Sherman,TX,0.925926
48423,Smith,TX,0.929083
48425,Somervell,TX,0.895105
48427,Starr,TX,0.945777
48429,Stephens,TX,0.918367
48431,Sterling,TX,1
48433,Stonewall,TX,1
48435,Sutton,TX,0.944444
48437,Swisher,TX,0.940476
48439,Tarrant,TX,0.936354
48441,Taylor,TX,0.96213
48443,Terrell,TX,1
48445,Terry,TX,0.930769
48447,Throckmorton,TX,0.928571
48449,Titus,TX,0.978678
48451,Tom Green,TX,0.958136
48453,Travis,TX,0.867026
48455,Trinity,TX,0.916667
48457,Tyler,TX,0.90566
48459,Upshur,TX,0.896907
48461,Upton,TX,0.981481
48463,Uvalde,TX,0.942257
48465,Val Verde,TX,0.910334
48467,Van Zandt,TX,0.92068
48469,Victoria,TX,0.97942
48471,Walker,TX,0.9399
48473,Waller,TX,0.957949
48475,Ward,TX,0.933735
48477,Washington,TX,0.953333
48479,Webb,TX,0.994189
48481,Wharton,TX,0.984293
48483,Wheeler,TX,0.945455
48485,Wichita,TX,0.961702
48487,Wilbarger,TX,0.97931
48489,Willacy,TX,0.973451
48491,Williamson,TX,0.930762
48493,Wilson,TX,0.934921
48495,Winkler,TX,0.991803
48497,Wise,TX,0.906791
48499,Wood,TX,0.925581
48501,Yoakum,TX,0.946154
48503,Young,TX,0.909548
48505,Zapata,TX,0.984293
48507,Zavala,TX,1
49001,Beaver,UT,
49003,Box Elder,UT,0.901408
49005,Cache,UT,0.931456
49007,Carbon,UT,0.875486
49009,Daggett,UT,
49011,Davis,UT,0.922021
49013,Duchesne,UT,0.895317
49015,Emery,UT,0.9
49017,Garfield,UT,
49019,Grand,UT,
49021,Iron,UT,0.824029
49023,Juab,UT,0.783784
49025,Kane,UT,0.831683
49027,Millard,UT,0.91623
49029,Morgan,UT,0.867816
49031,Piute,UT,
49033,Rich,UT,
49035,Salt Lake,UT,0.925512
49037,San Juan,UT,0.885135
49039,Sanpete,UT,0.881443
49041,Sevier,UT,0.851351
49043,Summit,UT,0.892788
49045,Tooele,UT,0.932956
49047,Uintah,UT,0.881974
49049,Utah,UT,0.881637
49051,Wasatch,UT,0.88785
49053,Washington,UT,0.791591
49055,Wayne,UT,
49057,Weber,UT,0.919953
51001,Accomack,VA,0.786
51003,Albemarle,VA,0.893
51005,Alleghany,VA,0.878
51007,Amelia,VA,0.886
51009,Amherst,VA,0.816
51011,Appomattox,VA,0.93
51013,Arlington,VA,0.922
51015,Augusta,VA,0.931
51017,Bath,VA,0.896
51019,Bedford,VA,0.897
51021,Bland,VA,0.898
51023,Botetourt,VA,0.928
51025,Brunswick,VA,0.929
51027,Buchanan,VA,0.982
51029,Buckingham,VA,0.979
51031,Campbell,VA,0.89
51033,Caroline,VA,0.893
51035,Carroll,VA,0.94
51036,Charles City,VA,0.645
51037,Charlotte,VA,0.764
51041,Chesterfield,VA,0.866
51043,Clarke,VA,0.923
51045,Craig,VA,1
51047,Culpeper,VA,0.947
51049,Cumberland,VA,0.981
51051,Dickenson,VA,0.991
51053,Dinwiddie,VA,0.886
51057,Essex,VA,0.87
51059,Fairfax County,VA,0.91
51061,Fauquier,VA,0.922
51063,Floyd,VA,0.873
51065,Fluvanna,VA,
51067,Franklin County,VA,0.902
51069,Frederick,VA,0.911
51071,Giles,VA,0.876
51073,Gloucester,VA,0.782
51075,Goochland,VA,0.97
51077,Grayson,VA,0.959
51079,Greene,VA,0.889
51081,Greensville,VA,0.985
51083,Halifax,VA,0.809
51085,Hanover,VA,0.949
51087,Henrico,VA,0.927
51089,Henry,VA,0.918
51091,Highland,VA,1
51093,Isle of Wight,VA,0.802
51095,James City,VA,0.861
51097,King and Queen,VA,0.907
51099,King George,VA,0.898
51101,King William,VA,0.915
51103,Lancaster,VA,0.903
51105,Lee,VA,0.954
51107,Loudoun,VA,0.941
51109,Louisa,VA,0.908
51111,Lunenburg,VA,0.931
51113,Madison,VA,0.888
51115,Mathews,VA,0.978
51117,Mecklenburg,VA,0.911
51119,Middlesex,VA,0.968
51121,Montgomery,VA,0.879
51125,Nelson,VA,0.854
51127,New Kent,VA,0.922
51131,Northampton,VA,0.904
51133,Northumberland,VA,0.904
51135,Nottoway,VA,0.944
51137,Orange,VA,0.89
51139,Page,VA,0.966
51141,Patrick,VA,0.952
51143,Pittsylvania,VA,0.89
51145,Powhatan,VA,0.89
51147,Prince Edward,VA,1
51149,Prince George,VA,0.922
51153,Prince William,VA,0.95
51155,Pulaski,VA,0.933
51157,Rappahannock,VA,0.703
51159,Richmond County,VA,0.908
51161,Roanoke County,VA,0.913
51163,Rockbridge,VA,0.919
51165,Rockingham,VA,0.891
51167,Russell,VA,0.938
51169,Scott,VA,0.954
51171,Shenandoah,VA,0.933
51173,Smyth,VA,0.961
51175,Southampton,VA,0.957
51177,Spotsylvania,VA,0.887
51179,Stafford,VA,0.91
51181,Surry,VA,0.918
51183,Sussex,VA,0.75
51185,Tazewell,VA,0.858
51187,Warren,VA,0.739
51191,Washington,VA,0.892
51193,Westmoreland,VA,0.934
51195,Wise,VA,0.932
51197,Wythe,VA,0.897
51199,York,VA,0.934
51510,Alexandria,VA,0.852
51520,Bristol,VA,0.811
51530,Buena Vista,VA,0.929
51540,Charlottesville,VA,0.867
51550,Chesapeake,VA,0.893
51570,Colonial Heights,VA,0.938
51580,Covington,VA,0.987
51590,Danville,VA,0.912
51595,Emporia,VA,
51600,Fairfax City,VA,0.91
51610,Falls Church,VA,0.961
51620,Franklin City,VA,0.759
51630,Fredericksburg,VA,0.898
51640,Galax,VA,0.892
51650,Hampton,VA,0.926
51660,Harrisonburg,VA,0.884
51670,Hopewell,VA,0.72
51678,Lexington,VA,0.962
51680,Lynchburg,VA,0.715
51683,Manassas,VA,0.955
51685,Manassas Park,VA,0.958
51690,Martinsville,VA,0.991
51700,Newport News,VA,0.875
51710,Norfolk,VA,0.898
51720,Norton,VA,
51730,Petersburg,VA,0.877
51735,Poquoson,VA,
51740,Portsmouth,VA,0.816
51750,Radford,VA,0.959
51760,Richmond City,VA,0.896
51770,Roanoke City,VA,0.93
51775,Salem,VA,0.879
51790,Staunton,VA,0.967
51800,Suffolk,VA,0.936
51810,Virginia Beach,VA,0.908
51820,Waynesboro,VA,0.946
51830,Williamsburg,VA,0.892
51840,Winchester,VA,0.935
50001,Addison,VT,0.94
50003,Bennington,VT,0.9
50005,Caledonia,VT,0.92
50007,Chittenden,VT,0.95
50009,Essex,VT,
50011,Franklin,VT,0.95
50013,Grand Isle,VT,
50015,Lamoille,VT,0.91
50017,Orange,VT,0.95
50019,Orleans,VT,0.92
50021,Rutland,VT,0.93
50023,Washington,VT,0.93
50025,Windham,VT,0.91
50027,Windsor,VT,0.95
53001,Adams,WA,0.954
53003,Asotin,WA,0.884
53005,Benton,WA,0.931
53007,Chelan,WA,0.924
53009,Clallam,WA,0.779
53011,Clark,WA,0.868
53013,Columbia,WA,0.852
53015,Cowlitz,WA,0.906
53017,Douglas,WA,0.939
53019,Ferry,WA,0.825
53021,Franklin,WA,0.941
53023,Garfield,WA,1
53025,Grant,WA,0.897
53027,Grays Harbor,WA,0.9
53029,Island,WA,0.918
53031,Jefferson,WA,0.819
53033,King,WA,0.924
53035,Kitsap,WA,0.91
53037,Kittitas,WA,0.905
53039,Klickitat,WA,0.874
53041,Lewis,WA,0.892
53043,Lincoln,WA,0.823
53045,Mason,WA,0.902
53047,Okanogan,WA,0.892
53049,Pacific,WA,0.574
53051,Pend Oreille,WA,0.74
53053,Pierce,WA,0.902
53055,San Juan,WA,0.888
53057,Skagit,WA,0.898
53059,Skamania,WA,0.838
53061,Snohomish,WA,0.922
53063,Spokane,WA,0.868
53065,Stevens,WA,0.764
53067,Thurston,WA,0.926
53069,Wahkiakum,WA,0.955
53071,Walla Walla,WA,0.927
53073,Whatcom,WA,0.86
53075,Whitman,WA,0.908
53077,Yakima,WA,0.962
55001,Adams,WI,0.79
55003,Ashland,WI,0.9
55005,Barron,WI,0.85
55007,Bayfield,WI,0.49
55009,Brown,WI,0.85
55011,Buffalo,WI,0.89
55013,Burnett,WI,0.66
55015,Calumet,WI,0.85
55017,Chippewa,WI,0.71
55019,Clark,WI,0.78
55021,Columbia,WI,0.84
55023,Crawford,WI,0.77
55025,Dane,WI,0.9
55027,Dodge,WI,0.82
55029,Door,WI,0.81
55031,Douglas,WI,0.93
55033,Dunn,WI,0.85
55035,Eau Claire,WI,0.86
55037,Florence,WI,0.76
55039,Fond du Lac,WI,0.83
55041,Forest,WI,0.9
55043,Grant,WI,0.82
55045,Green,WI,0.89
55047,Green Lake,WI,0.86
55049,Iowa,WI,0.53
55051,Iron,WI,0.83
55053,Jackson,WI,0.79
55055,Jefferson,WI,0.84
55057,Juneau,WI,0.72
55059,Kenosha,WI,0.74
55061,Kewaunee,WI,0.9
55063,La Crosse,WI,0.86
55065,Lafayette,WI,0.87
55067,Langlade,WI,0.86
55069,Lincoln,WI,0.85
55071,Manitowoc,WI,0.88
55073,Marathon,WI,0.87
55075,Marinette,WI,0.88
55077,Marquette,WI,0.76
55078,Menominee,WI,0.8
55079,Milwaukee,WI,0.7
55081,Monroe,WI,0.84
55083,Oconto,WI,0.83
55085,Oneida,WI,0.91
55087,Outagamie,WI,0.88
55089,Ozaukee,WI,0.89
55091,Pepin,WI,0.83
55093,Pierce,WI,0.83
55095,Polk,WI,0.84
55097,Portage,WI,0.87
55099,Price,WI,0.5
55101,Racine,WI,0.81
55103,Richland,WI,0.72
55105,Rock,WI,0.88
55107,Rusk,WI,0.86
55109,St Croix,WI,0.77
55111,Sauk,WI,0.83
55113,Sawyer,WI,0.82
55115,Shawano,WI,0.86
55117,Sheboygan,WI,0.87
55119,Taylor,WI,0.84
55121,Trempealeau,WI,0.86
55123,Vernon,WI,0.71
55125,Vilas,WI,0.78
55127,Walworth,WI,0.84
55129,Washburn,WI,0.77
55131,Washington,WI,0.85
55133,Waukesha,WI,0.88
55135,Waupaca,WI,0.83
55137,Waushara,WI,0.8
55139,Winnebago,WI,0.85
55141,Wood,WI,0.49
54001,Barbour,WV,
54003,Berkeley,WV,
54005,Boone,WV,
54007,Braxton,WV,
54009,Brooke,WV,
54011,Cabell,WV,
54013,Calhoun,WV,
54015,Clay,WV,
54017,Doddridge,WV,
54019,Fayette,WV,
54021,Gilmer,WV,
54023,Grant,WV,
54025,Greenbrier,WV,
54027,Hampshire,WV,
54029,Hancock,WV,
54031,Hardy,WV,
54033,Harrison,WV,
54035,Jackson,WV,
54037,Jefferson,WV,
54039,Kanawha,WV,
54041,Lewis,WV,
54043,Lincoln,WV,
54045,Logan,WV,
54047,McDowell,WV,
54049,Marion,WV,
54051,Marshall,WV,
54053,Mason,WV,
54055,Mercer,WV,
54057,Mineral,WV,
54059,Mingo,WV,
54061,Monongalia,WV,
54063,Monroe,WV,
54065,Morgan,WV,
54067,Nicholas,WV,
54069,Ohio,WV,
54071,Pendleton,WV,
54073,Pleasants,WV,
54075,Pocahontas,WV,
54077,Preston,WV,
54079,Putnam,WV,
54081,Raleigh,WV,
54083,Randolph,WV,
54085,Ritchie,WV,
54087,Roane,WV,
54089,Summers,WV,
54091,Taylor,WV,
54093,Tucker,WV,
54095,Tyler,WV,
54097,Upshur,WV,
54099,Wayne,WV,
54101,Webster,WV,
54103,Wetzel,WV,
54105,Wirt,WV,
54107,Wood,WV,
54109,Wyoming,WV,
56001,Albany,WY,
56003,Big Horn,WY,
56005,Campbell,WY,
56007,Carbon,WY,
56009,Converse,WY,
56011,Crook,WY,
56013,Fremont,WY,
56015,Goshen,WY,
56017,Hot Springs,WY,
56019,Johnson,WY,
56021,Laramie,WY,
56023,Lincoln,WY,
56025,Natrona,WY,
56027,Niobrara,WY,
56029,Park,WY,
56031,Platte,WY,
56033,Sheridan,WY,
56035,Sublette,WY,
56037,Sweetwater,WY,
56039,Teton,WY,
56041,Uinta,WY,
56043,Washakie,WY,
56045,Weston,WY,